Trial,MQ136,MQ2,MQ3,MQ135,MQ138,MQ137,Label
Trial 1,23,93,20,45,321,494,Fish Sauce
Trial 1,23,94,19,44,321,496,Fish Sauce
Trial 1,23,94,20,44,321,494,Fish Sauce
Trial 1,22,93,19,44,321,496,Fish Sauce
Trial 1,22,93,20,45,321,498,Fish Sauce
Trial 1,22,93,20,45,321,496,Fish Sauce
Trial 1,23,93,20,45,321,494,Fish Sauce
Trial 1,23,94,19,44,321,496,Fish Sauce
Trial 1,23,94,20,44,321,494,Fish Sauce
Trial 1,23,95,21,45,323,497,Fish Sauce
Trial 1,22,95,21,44,322,497,Fish Sauce
Trial 1,23,94,20,45,321,494,Fish Sauce
Trial 1,23,95,20,45,321,494,Fish Sauce
Trial 1,22,94,20,45,322,496,Fish Sauce
Trial 1,22,94,20,45,322,495,Fish Sauce
Trial 1,22,95,19,45,322,495,Fish Sauce
Trial 1,24,95,18,44,326,499,Fish Sauce
Trial 1,22,95,20,45,324,497,Fish Sauce
Trial 1,22,95,19,44,324,496,Fish Sauce
Trial 1,23,95,20,44,323,494,Fish Sauce
Trial 1,22,95,19,45,325,497,Fish Sauce
Trial 1,23,95,19,45,325,496,Fish Sauce
Trial 1,22,96,20,45,325,495,Fish Sauce
Trial 1,21,96,20,45,325,496,Fish Sauce
Trial 1,23,96,20,44,326,497,Fish Sauce
Trial 1,24,96,20,45,326,496,Fish Sauce
Trial 1,23,96,20,44,327,495,Fish Sauce
Trial 1,23,97,20,45,327,496,Fish Sauce
Trial 1,23,96,19,44,327,496,Fish Sauce
Trial 1,21,97,19,46,329,498,Fish Sauce
Trial 1,23,97,20,44,327,495,Fish Sauce
Trial 1,22,96,19,45,328,496,Fish Sauce
Trial 1,22,97,20,45,328,496,Fish Sauce
Trial 1,23,97,20,45,327,495,Fish Sauce
Trial 1,23,97,20,45,328,495,Fish Sauce
Trial 1,23,97,20,45,329,495,Fish Sauce
Trial 1,23,97,20,44,329,496,Fish Sauce
Trial 1,22,97,20,45,328,494,Fish Sauce
Trial 1,22,97,20,45,329,496,Fish Sauce
Trial 1,23,98,19,45,330,497,Fish Sauce
Trial 1,24,99,18,45,332,501,Fish Sauce
Trial 1,22,98,20,45,332,502,Fish Sauce
Trial 1,23,99,21,46,331,498,Fish Sauce
Trial 1,22,98,20,45,331,498,Fish Sauce
Trial 1,23,98,19,45,330,497,Fish Sauce
Trial 1,23,98,19,45,332,502,Fish Sauce
Trial 1,22,99,20,46,334,500,Fish Sauce
Trial 1,22,98,20,46,332,498,Fish Sauce
Trial 1,23,99,20,45,333,498,Fish Sauce
Trial 1,23,98,19,45,334,501,Fish Sauce
Trial 1,22,99,20,46,335,501,Fish Sauce
Trial 1,23,99,19,46,332,497,Fish Sauce
Trial 1,23,99,18,46,332,499,Fish Sauce
Trial 1,22,99,20,46,334,501,Fish Sauce
Trial 1,23,99,20,46,333,498,Fish Sauce
Trial 1,22,99,20,46,334,500,Fish Sauce
Trial 1,23,99,19,46,334,500,Fish Sauce
Trial 1,22,99,20,46,334,502,Fish Sauce
Trial 1,22,100,20,47,335,501,Fish Sauce
Trial 1,22,99,20,46,335,501,Fish Sauce
Trial 1,22,100,20,47,337,502,Fish Sauce
Trial 1,22,101,20,46,336,501,Fish Sauce
Trial 1,23,100,20,46,335,499,Fish Sauce
Trial 1,22,100,19,47,335,501,Fish Sauce
Trial 1,22,100,19,46,335,500,Fish Sauce
Trial 1,22,101,20,47,337,502,Fish Sauce
Trial 1,23,101,19,46,336,501,Fish Sauce
Trial 1,22,101,18,46,338,503,Fish Sauce
Trial 1,22,101,19,47,339,502,Fish Sauce
Trial 1,22,101,20,47,337,502,Fish Sauce
Trial 1,23,102,20,46,336,500,Fish Sauce
Trial 1,23,101,20,46,338,502,Fish Sauce
Trial 1,22,101,20,47,339,503,Fish Sauce
Trial 1,23,102,20,47,338,501,Fish Sauce
Trial 1,23,102,20,47,340,504,Fish Sauce
Trial 1,22,103,21,47,340,503,Fish Sauce
Trial 1,22,103,20,47,340,505,Fish Sauce
Trial 1,23,102,20,47,339,501,Fish Sauce
Trial 1,23,102,19,47,339,503,Fish Sauce
Trial 1,23,102,19,47,339,503,Fish Sauce
Trial 1,21,103,20,47,338,500,Fish Sauce
Trial 1,22,103,21,47,341,509,Fish Sauce
Trial 1,23,103,19,48,341,506,Fish Sauce
Trial 1,23,103,19,48,341,505,Fish Sauce
Trial 1,23,103,19,47,340,503,Fish Sauce
Trial 1,24,103,20,47,340,503,Fish Sauce
Trial 1,23,103,20,47,340,503,Fish Sauce
Trial 1,22,103,19,48,342,505,Fish Sauce
Trial 1,23,103,20,48,343,505,Fish Sauce
Trial 1,23,106,20,48,343,508,Fish Sauce
Trial 1,22,105,19,49,343,506,Fish Sauce
Trial 1,23,105,20,47,344,505,Fish Sauce
Trial 1,23,104,20,48,343,505,Fish Sauce
Trial 1,22,105,20,48,343,504,Fish Sauce
Trial 1,23,104,19,49,343,506,Fish Sauce
Trial 1,22,105,20,48,343,503,Fish Sauce
Trial 1,23,105,19,48,344,506,Fish Sauce
Trial 1,23,106,20,48,344,505,Fish Sauce
Trial 1,22,106,19,48,344,506,Fish Sauce
Trial 1,22,106,19,48,344,507,Fish Sauce
Trial 1,23,106,20,48,344,508,Fish Sauce
Trial 1,22,105,20,48,344,507,Fish Sauce
Trial 1,23,107,20,48,346,508,Fish Sauce
Trial 1,23,105,20,48,345,508,Fish Sauce
Trial 1,23,106,20,49,348,508,Fish Sauce
Trial 1,22,108,19,49,347,509,Fish Sauce
Trial 1,22,107,19,48,348,510,Fish Sauce
Trial 1,23,107,19,48,349,510,Fish Sauce
Trial 1,23,107,20,48,347,509,Fish Sauce
Trial 1,23,107,19,48,347,509,Fish Sauce
Trial 1,23,107,20,48,347,509,Fish Sauce
Trial 1,22,108,19,49,346,509,Fish Sauce
Trial 1,22,108,20,49,347,508,Fish Sauce
Trial 1,23,109,20,49,349,511,Fish Sauce
Trial 1,23,108,19,48,347,508,Fish Sauce
Trial 1,22,107,19,49,349,512,Fish Sauce
Trial 1,23,109,19,50,350,511,Fish Sauce
Trial 1,23,108,20,48,347,509,Fish Sauce
Trial 1,22,108,19,49,349,510,Fish Sauce
Trial 1,23,109,18,48,349,511,Fish Sauce
Trial 1,23,109,20,49,349,510,Fish Sauce
Trial 1,22,109,20,49,348,508,Fish Sauce
Trial 1,22,111,20,50,353,513,Fish Sauce
Trial 1,23,110,20,49,349,511,Fish Sauce
Trial 1,22,110,21,49,349,509,Fish Sauce
Trial 1,24,111,20,49,350,513,Fish Sauce
Trial 1,23,111,20,49,351,512,Fish Sauce
Trial 1,23,111,20,48,351,512,Fish Sauce
Trial 1,23,112,20,49,352,512,Fish Sauce
Trial 1,22,110,20,49,351,512,Fish Sauce
Trial 1,22,111,19,50,352,513,Fish Sauce
Trial 1,23,111,20,49,352,510,Fish Sauce
Trial 1,23,112,21,49,351,510,Fish Sauce
Trial 1,23,112,20,49,351,512,Fish Sauce
Trial 1,22,113,20,49,352,511,Fish Sauce
Trial 1,23,112,19,49,352,513,Fish Sauce
Trial 1,22,112,20,49,352,513,Fish Sauce
Trial 1,22,112,20,49,352,514,Fish Sauce
Trial 1,22,112,20,49,353,514,Fish Sauce
Trial 1,23,114,18,49,355,515,Fish Sauce
Trial 1,24,113,20,49,353,513,Fish Sauce
Trial 1,23,113,20,49,353,512,Fish Sauce
Trial 1,22,113,20,50,354,515,Fish Sauce
Trial 1,22,115,20,50,353,513,Fish Sauce
Trial 1,23,113,19,50,354,515,Fish Sauce
Trial 1,22,114,20,50,354,514,Fish Sauce
Trial 1,23,113,18,49,354,514,Fish Sauce
Trial 1,23,114,20,49,353,514,Fish Sauce
Trial 1,23,115,20,49,354,514,Fish Sauce
Trial 1,23,115,20,49,354,514,Fish Sauce
Trial 1,23,115,20,48,356,516,Fish Sauce
Trial 1,22,115,20,50,355,516,Fish Sauce
Trial 1,22,115,20,49,356,517,Fish Sauce
Trial 1,24,115,20,49,354,514,Fish Sauce
Trial 1,22,115,20,50,355,517,Fish Sauce
Trial 1,23,115,19,49,355,515,Fish Sauce
Trial 1,22,116,20,50,356,517,Fish Sauce
Trial 1,23,115,19,50,356,517,Fish Sauce
Trial 1,23,116,20,49,355,514,Fish Sauce
Trial 1,23,116,19,51,356,516,Fish Sauce
Trial 1,23,116,20,50,355,514,Fish Sauce
Trial 1,20,117,20,50,358,521,Fish Sauce
Trial 1,23,117,20,50,357,517,Fish Sauce
Trial 1,23,117,20,50,355,515,Fish Sauce
Trial 1,22,117,20,50,358,519,Fish Sauce
Trial 1,22,116,20,50,357,517,Fish Sauce
Trial 1,23,117,19,50,357,518,Fish Sauce
Trial 1,23,117,19,51,356,516,Fish Sauce
Trial 1,23,118,20,50,360,522,Fish Sauce
Trial 1,22,117,20,51,357,518,Fish Sauce
Trial 1,23,118,20,50,359,518,Fish Sauce
Trial 1,23,119,20,50,359,519,Fish Sauce
Trial 1,22,118,20,51,360,522,Fish Sauce
Trial 1,22,118,20,50,357,518,Fish Sauce
Trial 1,23,118,20,52,361,520,Fish Sauce
Trial 1,22,118,20,50,358,518,Fish Sauce
Trial 1,23,119,20,50,359,519,Fish Sauce
Trial 1,23,119,19,51,358,517,Fish Sauce
Trial 1,22,119,19,50,358,518,Fish Sauce
Trial 1,22,118,20,51,359,519,Fish Sauce
Trial 1,23,119,20,50,359,518,Fish Sauce
Trial 1,22,119,20,50,358,519,Fish Sauce
Trial 1,22,119,20,51,360,520,Fish Sauce
Trial 1,23,119,19,50,359,520,Fish Sauce
Trial 1,22,120,21,51,359,519,Fish Sauce
Trial 1,23,120,19,50,360,520,Fish Sauce
Trial 1,22,120,20,50,361,521,Fish Sauce
Trial 1,22,120,20,51,360,522,Fish Sauce
Trial 1,23,120,20,50,360,520,Fish Sauce
Trial 1,23,120,21,50,360,521,Fish Sauce
Trial 1,23,121,20,51,360,519,Fish Sauce
Trial 1,23,121,21,51,359,520,Fish Sauce
Trial 1,23,121,20,51,360,521,Fish Sauce
Trial 1,23,121,20,51,360,521,Fish Sauce
Trial 1,23,121,20,50,360,521,Fish Sauce
Trial 1,22,121,21,51,360,521,Fish Sauce
Trial 1,22,123,20,51,360,521,Fish Sauce
Trial 1,23,121,20,51,360,520,Fish Sauce
Trial 1,23,122,20,52,360,520,Fish Sauce
Trial 1,23,122,21,50,360,520,Fish Sauce
Trial 1,23,123,20,50,361,521,Fish Sauce
Trial 1,23,123,20,51,362,523,Fish Sauce
Trial 1,23,122,20,51,361,522,Fish Sauce
Trial 1,23,122,20,52,360,520,Fish Sauce
Trial 1,23,122,20,51,362,522,Fish Sauce
Trial 1,23,123,20,51,361,521,Fish Sauce
Trial 1,24,123,19,51,361,521,Fish Sauce
Trial 1,23,123,20,51,361,521,Fish Sauce
Trial 1,22,123,20,51,361,523,Fish Sauce
Trial 1,23,124,20,52,363,525,Fish Sauce
Trial 1,22,123,20,51,361,520,Fish Sauce
Trial 1,22,124,21,51,361,521,Fish Sauce
Trial 1,23,125,21,51,363,524,Fish Sauce
Trial 1,23,123,19,51,362,523,Fish Sauce
Trial 1,22,124,20,51,362,524,Fish Sauce
Trial 1,22,124,20,51,362,523,Fish Sauce
Trial 1,23,125,20,52,364,527,Fish Sauce
Trial 1,22,124,20,52,362,522,Fish Sauce
Trial 1,22,124,20,51,364,524,Fish Sauce
Trial 1,23,124,20,51,363,523,Fish Sauce
Trial 1,23,125,20,51,364,525,Fish Sauce
Trial 1,22,125,20,52,362,524,Fish Sauce
Trial 1,23,125,21,52,362,522,Fish Sauce
Trial 1,23,124,19,51,362,524,Fish Sauce
Trial 1,23,125,20,52,363,525,Fish Sauce
Trial 1,22,125,20,51,364,526,Fish Sauce
Trial 1,22,126,20,51,363,524,Fish Sauce
Trial 1,23,126,20,51,363,523,Fish Sauce
Trial 1,22,126,22,52,364,524,Fish Sauce
Trial 1,23,126,20,52,363,524,Fish Sauce
Trial 1,22,126,19,52,365,526,Fish Sauce
Trial 1,23,126,20,52,366,527,Fish Sauce
Trial 1,23,126,20,51,365,528,Fish Sauce
Trial 1,23,126,20,51,362,523,Fish Sauce
Trial 1,22,126,20,51,364,525,Fish Sauce
Trial 1,22,127,19,53,364,526,Fish Sauce
Trial 1,24,127,19,51,365,528,Fish Sauce
Trial 1,23,128,20,52,365,526,Fish Sauce
Trial 1,23,127,20,51,363,524,Fish Sauce
Trial 1,23,127,21,51,362,523,Fish Sauce
Trial 1,22,128,20,52,364,526,Fish Sauce
Trial 1,23,127,20,51,364,524,Fish Sauce
Trial 1,23,128,19,52,370,531,Fish Sauce
Trial 1,24,127,20,50,364,526,Fish Sauce
Trial 1,23,127,20,50,364,526,Fish Sauce
Trial 1,23,128,21,52,364,526,Fish Sauce
Trial 1,23,129,20,51,367,528,Fish Sauce
Trial 1,22,128,20,52,365,527,Fish Sauce
Trial 1,23,128,20,52,366,528,Fish Sauce
Trial 1,24,128,20,51,366,526,Fish Sauce
Trial 1,22,128,20,52,365,529,Fish Sauce
Trial 1,23,128,20,52,366,528,Fish Sauce
Trial 1,23,129,20,52,365,526,Fish Sauce
Trial 1,23,128,20,52,366,528,Fish Sauce
Trial 1,22,129,20,52,366,528,Fish Sauce
Trial 1,23,129,20,52,365,527,Fish Sauce
Trial 1,23,130,21,52,367,529,Fish Sauce
Trial 1,22,128,20,52,367,530,Fish Sauce
Trial 1,23,129,21,52,367,530,Fish Sauce
Trial 1,22,130,20,53,366,527,Fish Sauce
Trial 1,23,129,19,52,366,527,Fish Sauce
Trial 1,23,128,19,51,369,530,Fish Sauce
Trial 1,23,131,21,52,367,530,Fish Sauce
Trial 1,23,129,20,53,366,529,Fish Sauce
Trial 1,23,129,20,52,366,528,Fish Sauce
Trial 1,23,130,20,52,365,527,Fish Sauce
Trial 1,23,130,20,52,367,530,Fish Sauce
Trial 1,23,131,21,52,367,529,Fish Sauce
Trial 1,23,130,20,52,365,529,Fish Sauce
Trial 1,22,131,21,52,366,528,Fish Sauce
Trial 1,22,130,20,52,367,530,Fish Sauce
Trial 1,23,131,20,52,366,530,Fish Sauce
Trial 1,23,130,21,52,367,529,Fish Sauce
Trial 1,23,131,20,52,368,529,Fish Sauce
Trial 1,23,131,21,53,366,528,Fish Sauce
Trial 1,22,132,20,52,366,528,Fish Sauce
Trial 1,24,131,20,52,366,528,Fish Sauce
Trial 1,23,132,21,53,367,531,Fish Sauce
Trial 1,23,132,20,52,368,529,Fish Sauce
Trial 1,23,131,20,53,369,532,Fish Sauce
Trial 1,23,131,21,53,367,530,Fish Sauce
Trial 1,22,132,20,53,369,531,Fish Sauce
Trial 1,23,133,20,54,366,527,Fish Sauce
Trial 1,24,131,20,53,370,533,Fish Sauce
Trial 1,23,132,20,52,367,529,Fish Sauce
Trial 1,24,132,20,52,367,529,Fish Sauce
Trial 1,23,133,21,53,367,528,Fish Sauce
Trial 1,23,132,20,52,367,529,Fish Sauce
Trial 1,23,132,21,52,367,529,Fish Sauce
Trial 1,24,132,20,53,368,531,Fish Sauce
Trial 1,23,133,21,52,367,529,Fish Sauce
Trial 1,23,133,21,53,368,532,Fish Sauce
Trial 1,23,132,20,52,367,529,Fish Sauce
Trial 1,22,132,20,53,368,532,Fish Sauce
Trial 1,23,132,22,52,368,530,Fish Sauce
Trial 1,23,133,21,53,369,531,Fish Sauce
Trial 1,23,133,20,52,368,530,Fish Sauce
Trial 1,22,133,21,53,371,534,Fish Sauce
Trial 1,23,133,20,52,368,531,Fish Sauce
Trial 1,23,132,20,53,369,533,Fish Sauce
Trial 1,23,133,21,52,369,530,Fish Sauce
Trial 1,23,134,20,52,368,530,Fish Sauce
Trial 1,23,134,21,53,368,531,Fish Sauce
Trial 1,23,134,21,53,369,532,Fish Sauce
Trial 1,24,134,22,53,370,533,Fish Sauce
Trial 1,22,134,20,53,371,535,Fish Sauce
Trial 1,24,134,21,53,370,535,Fish Sauce
Trial 1,23,134,20,54,370,533,Fish Sauce
Trial 1,23,133,20,52,368,530,Fish Sauce
Trial 1,23,134,20,52,371,532,Fish Sauce
Trial 1,22,135,20,53,369,532,Fish Sauce
Trial 1,22,135,20,53,368,530,Fish Sauce
Trial 1,23,133,21,53,370,534,Fish Sauce
Trial 1,21,134,21,52,368,531,Fish Sauce
Trial 1,23,134,20,53,369,532,Fish Sauce
Trial 1,23,134,21,53,371,534,Fish Sauce
Trial 1,23,135,21,53,370,533,Fish Sauce
Trial 1,22,134,20,52,369,533,Fish Sauce
Trial 1,23,134,22,53,368,530,Fish Sauce
Trial 1,24,134,20,52,370,531,Fish Sauce
Trial 1,23,135,21,53,371,534,Fish Sauce
Trial 1,23,135,20,52,370,533,Fish Sauce
Trial 1,23,135,20,53,370,534,Fish Sauce
Trial 1,23,134,20,53,370,532,Fish Sauce
Trial 1,23,136,20,54,370,534,Fish Sauce
Trial 1,23,136,20,54,371,535,Fish Sauce
Trial 1,23,136,21,53,369,532,Fish Sauce
Trial 1,23,135,20,53,370,535,Fish Sauce
Trial 1,23,136,20,54,370,533,Fish Sauce
Trial 1,23,135,20,54,370,533,Fish Sauce
Trial 1,22,136,20,53,370,534,Fish Sauce
Trial 1,23,135,21,53,370,532,Fish Sauce
Trial 1,23,134,21,54,371,536,Fish Sauce
Trial 1,23,136,21,53,370,532,Fish Sauce
Trial 1,23,136,21,53,370,533,Fish Sauce
Trial 1,23,136,20,54,370,533,Fish Sauce
Trial 1,23,136,21,53,370,532,Fish Sauce
Trial 1,23,137,21,53,371,533,Fish Sauce
Trial 1,24,136,21,54,371,532,Fish Sauce
Trial 1,23,136,20,52,371,534,Fish Sauce
Trial 1,22,136,20,54,370,533,Fish Sauce
Trial 1,23,138,21,54,372,535,Fish Sauce
Trial 1,23,137,21,53,370,534,Fish Sauce
Trial 1,22,136,20,52,370,534,Fish Sauce
Trial 1,23,138,21,54,371,533,Fish Sauce
Trial 1,23,137,21,54,370,533,Fish Sauce
Trial 1,23,137,20,53,373,538,Fish Sauce
Trial 1,22,137,20,54,371,533,Fish Sauce
Trial 1,23,137,20,54,371,534,Fish Sauce
Trial 1,22,138,20,55,373,537,Fish Sauce
Trial 1,23,137,20,54,370,534,Fish Sauce
Trial 1,23,139,21,54,372,536,Fish Sauce
Trial 1,23,137,20,53,371,534,Fish Sauce
Trial 1,23,138,20,53,371,534,Fish Sauce
Trial 1,23,138,20,55,372,536,Fish Sauce
Trial 1,23,138,20,54,371,534,Fish Sauce
Trial 1,22,138,21,54,371,534,Fish Sauce
Trial 1,24,139,20,53,372,535,Fish Sauce
Trial 1,23,138,20,54,373,537,Fish Sauce
Trial 1,24,139,20,54,374,539,Fish Sauce
Trial 1,22,139,21,54,373,537,Fish Sauce
Trial 1,23,138,20,54,373,536,Fish Sauce
Trial 1,23,139,20,54,373,537,Fish Sauce
Trial 1,23,138,20,54,371,535,Fish Sauce
Trial 1,24,138,20,54,372,535,Fish Sauce
Trial 1,23,139,20,53,371,535,Fish Sauce
Trial 1,23,138,20,54,372,536,Fish Sauce
Trial 1,23,139,20,53,372,536,Fish Sauce
Trial 1,23,139,21,54,372,538,Fish Sauce
Trial 1,22,138,20,54,374,539,Fish Sauce
Trial 1,23,140,20,54,373,537,Fish Sauce
Trial 1,22,140,21,55,376,541,Fish Sauce
Trial 1,24,139,21,54,373,537,Fish Sauce
Trial 1,22,139,21,54,372,536,Fish Sauce
Trial 1,23,139,20,54,373,537,Fish Sauce
Trial 1,22,140,21,54,372,536,Fish Sauce
Trial 1,23,139,20,54,373,537,Fish Sauce
Trial 1,23,140,20,54,373,537,Fish Sauce
Trial 1,23,139,20,55,374,539,Fish Sauce
Trial 1,24,140,20,54,372,536,Fish Sauce
Trial 1,23,141,20,55,374,540,Fish Sauce
Trial 1,24,141,21,54,374,537,Fish Sauce
Trial 1,23,140,21,54,372,535,Fish Sauce
Trial 1,22,141,20,54,372,536,Fish Sauce
Trial 1,23,140,20,54,373,538,Fish Sauce
Trial 1,23,141,21,54,374,540,Fish Sauce
Trial 1,23,140,21,55,374,537,Fish Sauce
Trial 1,23,141,21,54,373,536,Fish Sauce
Trial 1,23,140,21,55,373,538,Fish Sauce
Trial 1,23,141,20,54,375,539,Fish Sauce
Trial 1,23,140,20,53,372,536,Fish Sauce
Trial 1,23,141,20,53,373,538,Fish Sauce
Trial 1,23,140,21,54,373,538,Fish Sauce
Trial 1,23,141,20,55,375,541,Fish Sauce
Trial 1,23,140,20,54,374,537,Fish Sauce
Trial 1,23,141,20,54,374,538,Fish Sauce
Trial 1,23,142,21,54,373,538,Fish Sauce
Trial 1,22,141,20,55,372,536,Fish Sauce
Trial 1,23,140,20,54,373,537,Fish Sauce
Trial 1,23,141,20,54,374,538,Fish Sauce
Trial 1,23,141,20,54,374,539,Fish Sauce
Trial 1,22,141,21,54,374,539,Fish Sauce
Trial 1,24,141,21,54,373,538,Fish Sauce
Trial 1,23,141,20,54,374,539,Fish Sauce
Trial 1,23,141,20,54,374,537,Fish Sauce
Trial 1,23,141,20,53,374,538,Fish Sauce
Trial 1,23,141,20,55,375,540,Fish Sauce
Trial 1,23,142,20,54,374,536,Fish Sauce
Trial 1,23,141,21,55,373,538,Fish Sauce
Trial 1,23,142,21,54,373,538,Fish Sauce
Trial 1,22,142,21,55,374,538,Fish Sauce
Trial 1,23,142,21,54,374,538,Fish Sauce
Trial 1,24,141,20,54,374,539,Fish Sauce
Trial 1,23,142,21,54,374,538,Fish Sauce
Trial 1,23,143,21,55,377,540,Fish Sauce
Trial 1,22,142,20,55,376,541,Fish Sauce
Trial 1,23,142,19,55,376,541,Fish Sauce
Trial 1,23,142,21,55,374,538,Fish Sauce
Trial 1,23,142,20,55,375,540,Fish Sauce
Trial 1,23,142,20,52,376,541,Fish Sauce
Trial 1,23,142,20,55,375,540,Fish Sauce
Trial 1,23,142,20,55,375,540,Fish Sauce
Trial 1,23,142,21,55,374,538,Fish Sauce
Trial 1,23,142,20,55,375,539,Fish Sauce
Trial 1,23,143,21,55,375,539,Fish Sauce
Trial 1,23,143,21,54,375,539,Fish Sauce
Trial 1,22,144,20,54,376,541,Fish Sauce
Trial 1,23,143,20,55,378,545,Fish Sauce
Trial 1,24,143,20,55,376,540,Fish Sauce
Trial 1,23,143,21,55,375,539,Fish Sauce
Trial 1,23,143,21,55,375,538,Fish Sauce
Trial 1,24,144,21,55,376,541,Fish Sauce
Trial 1,23,143,21,56,375,540,Fish Sauce
Trial 1,23,144,21,55,375,538,Fish Sauce
Trial 1,24,144,20,54,376,541,Fish Sauce
Trial 1,23,144,21,55,375,539,Fish Sauce
Trial 1,23,144,21,55,376,541,Fish Sauce
Trial 1,22,144,21,55,376,541,Fish Sauce
Trial 1,23,143,21,55,376,541,Fish Sauce
Trial 1,22,144,22,55,377,542,Fish Sauce
Trial 1,24,143,20,55,376,539,Fish Sauce
Trial 1,23,144,21,55,376,542,Fish Sauce
Trial 1,23,144,21,55,376,540,Fish Sauce
Trial 1,22,144,20,55,376,541,Fish Sauce
Trial 1,23,145,20,55,377,541,Fish Sauce
Trial 1,23,143,20,55,376,540,Fish Sauce
Trial 1,23,144,21,55,376,540,Fish Sauce
Trial 1,24,144,21,55,376,540,Fish Sauce
Trial 1,23,144,21,55,376,540,Fish Sauce
Trial 1,23,145,21,55,375,539,Fish Sauce
Trial 1,22,145,21,55,376,540,Fish Sauce
Trial 1,23,145,21,55,376,540,Fish Sauce
Trial 1,24,145,21,55,376,541,Fish Sauce
Trial 1,22,145,20,55,377,543,Fish Sauce
Trial 1,23,145,21,56,379,546,Fish Sauce
Trial 1,24,144,20,55,376,541,Fish Sauce
Trial 1,23,145,22,55,376,541,Fish Sauce
Trial 1,23,145,21,55,376,541,Fish Sauce
Trial 1,23,145,20,55,376,541,Fish Sauce
Trial 1,23,145,21,55,376,540,Fish Sauce
Trial 1,23,145,20,56,377,542,Fish Sauce
Trial 1,23,145,20,55,376,540,Fish Sauce
Trial 1,24,146,20,55,377,542,Fish Sauce
Trial 1,23,145,21,55,377,542,Fish Sauce
Trial 1,23,146,21,55,378,542,Fish Sauce
Trial 1,22,146,21,56,379,544,Fish Sauce
Trial 1,23,145,20,55,376,540,Fish Sauce
Trial 1,23,146,21,55,376,541,Fish Sauce
Trial 1,22,145,21,56,376,541,Fish Sauce
Trial 1,22,145,22,55,377,542,Fish Sauce
Trial 1,24,146,21,55,379,546,Fish Sauce
Trial 1,24,145,20,56,377,542,Fish Sauce
Trial 1,23,146,21,56,377,542,Fish Sauce
Trial 1,24,146,21,55,378,543,Fish Sauce
Trial 1,23,146,21,55,378,544,Fish Sauce
Trial 1,23,146,21,55,376,541,Fish Sauce
Trial 1,23,146,21,55,377,542,Fish Sauce
Trial 1,24,148,21,56,378,544,Fish Sauce
Trial 1,24,146,21,54,378,545,Fish Sauce
Trial 1,23,146,21,55,377,542,Fish Sauce
Trial 1,24,146,20,56,378,542,Fish Sauce
Trial 1,22,145,21,56,377,543,Fish Sauce
Trial 1,22,147,21,56,378,543,Fish Sauce
Trial 1,22,147,21,55,378,543,Fish Sauce
Trial 1,22,146,21,56,378,544,Fish Sauce
Trial 1,23,147,21,55,377,542,Fish Sauce
Trial 1,23,146,21,56,377,543,Fish Sauce
Trial 1,24,148,20,55,379,545,Fish Sauce
Trial 1,23,147,21,56,376,541,Fish Sauce
Trial 1,23,147,21,55,378,543,Fish Sauce
Trial 1,22,147,21,56,378,543,Fish Sauce
Trial 1,23,148,21,56,380,546,Fish Sauce
Trial 1,24,148,21,55,379,544,Fish Sauce
Trial 1,23,147,20,56,379,545,Fish Sauce
Trial 1,23,147,22,56,378,543,Fish Sauce
Trial 1,24,147,21,56,379,543,Fish Sauce
Trial 1,23,147,21,55,378,542,Fish Sauce
Trial 1,23,146,21,56,378,544,Fish Sauce
Trial 1,23,146,20,55,378,544,Fish Sauce
Trial 1,23,147,21,55,377,542,Fish Sauce
Trial 1,22,145,22,56,379,546,Fish Sauce
Trial 1,24,149,21,57,379,545,Fish Sauce
Trial 1,24,147,21,56,378,544,Fish Sauce
Trial 1,23,147,21,56,379,544,Fish Sauce
Trial 1,23,147,22,56,378,543,Fish Sauce
Trial 1,23,147,22,55,378,544,Fish Sauce
Trial 1,23,148,20,56,380,545,Fish Sauce
Trial 1,24,148,21,56,379,543,Fish Sauce
Trial 1,22,147,21,56,379,545,Fish Sauce
Trial 1,23,147,20,56,378,544,Fish Sauce
Trial 1,23,147,21,53,378,544,Fish Sauce
Trial 1,23,148,21,56,379,543,Fish Sauce
Trial 1,24,148,20,57,378,544,Fish Sauce
Trial 1,23,147,20,56,379,545,Fish Sauce
Trial 1,24,149,21,56,380,546,Fish Sauce
Trial 1,23,148,20,56,378,545,Fish Sauce
Trial 1,24,147,20,56,379,545,Fish Sauce
Trial 1,23,148,22,55,378,544,Fish Sauce
Trial 1,23,148,21,56,379,543,Fish Sauce
Trial 1,23,148,21,56,379,544,Fish Sauce
Trial 1,23,148,20,56,380,544,Fish Sauce
Trial 1,24,149,20,56,379,544,Fish Sauce
Trial 1,23,148,21,55,379,546,Fish Sauce
Trial 1,24,149,21,56,381,546,Fish Sauce
Trial 1,22,149,21,56,382,549,Fish Sauce
Trial 1,23,148,20,56,379,545,Fish Sauce
Trial 1,24,149,21,57,379,544,Fish Sauce
Trial 1,24,146,21,56,381,547,Fish Sauce
Trial 1,23,150,23,57,380,546,Fish Sauce
Trial 1,23,148,21,56,380,547,Fish Sauce
Trial 1,23,148,21,56,379,545,Fish Sauce
Trial 1,23,149,21,56,380,546,Fish Sauce
Trial 1,23,149,21,56,379,545,Fish Sauce
Trial 1,23,149,21,57,379,545,Fish Sauce
Trial 1,23,148,20,56,380,547,Fish Sauce
Trial 1,24,148,21,55,382,547,Fish Sauce
Trial 1,23,149,21,56,380,546,Fish Sauce
Trial 1,23,150,20,56,380,546,Fish Sauce
Trial 1,23,149,21,56,380,546,Fish Sauce
Trial 1,23,149,21,56,380,547,Fish Sauce
Trial 1,23,148,20,56,380,546,Fish Sauce
Trial 1,23,149,21,56,379,545,Fish Sauce
Trial 1,23,149,21,56,380,545,Fish Sauce
Trial 1,23,150,21,56,380,546,Fish Sauce
Trial 1,23,149,21,57,381,546,Fish Sauce
Trial 1,23,150,21,57,381,549,Fish Sauce
Trial 1,24,149,21,56,381,548,Fish Sauce
Trial 1,23,149,20,56,380,547,Fish Sauce
Trial 1,23,149,21,56,380,548,Fish Sauce
Trial 1,23,150,22,57,382,549,Fish Sauce
Trial 1,23,149,20,56,381,549,Fish Sauce
Trial 1,23,150,21,57,380,547,Fish Sauce
Trial 1,24,150,21,56,380,547,Fish Sauce
Trial 1,22,150,21,56,380,546,Fish Sauce
Trial 1,24,150,21,57,381,547,Fish Sauce
Trial 1,23,150,21,57,381,546,Fish Sauce
Trial 1,24,150,21,57,381,546,Fish Sauce
Trial 1,24,150,21,56,381,547,Fish Sauce
Trial 1,23,150,21,57,380,547,Fish Sauce
Trial 1,23,151,22,56,381,547,Fish Sauce
Trial 1,24,150,20,57,382,548,Fish Sauce
Trial 1,24,150,20,57,381,547,Fish Sauce
Trial 1,23,150,21,57,381,546,Fish Sauce
Trial 1,23,150,21,56,381,546,Fish Sauce
Trial 1,24,151,21,58,383,547,Fish Sauce
Trial 1,23,150,20,55,381,549,Fish Sauce
Trial 1,22,150,21,57,382,548,Fish Sauce
Trial 1,23,151,21,57,381,548,Fish Sauce
Trial 1,23,151,21,56,381,546,Fish Sauce
Trial 1,23,151,20,56,381,548,Fish Sauce
Trial 1,22,150,20,57,384,550,Fish Sauce
Trial 1,24,152,22,56,382,548,Fish Sauce
Trial 1,24,151,21,57,382,546,Fish Sauce
Trial 1,23,151,21,56,381,547,Fish Sauce
Trial 1,23,151,21,56,381,548,Fish Sauce
Trial 1,23,151,21,57,383,551,Fish Sauce
Trial 1,22,152,21,57,382,548,Fish Sauce
Trial 1,24,150,21,56,380,548,Fish Sauce
Trial 1,23,151,21,57,381,547,Fish Sauce
Trial 1,23,151,21,57,381,548,Fish Sauce
Trial 1,23,150,21,57,382,548,Fish Sauce
Trial 1,23,151,21,57,381,548,Fish Sauce
Trial 1,23,152,21,57,383,549,Fish Sauce
Trial 1,23,151,20,57,381,549,Fish Sauce
Trial 1,23,150,21,56,382,549,Fish Sauce
Trial 1,23,150,21,56,380,546,Fish Sauce
Trial 1,23,151,21,56,382,549,Fish Sauce
Trial 1,23,151,21,57,381,547,Fish Sauce
Trial 1,22,152,21,57,385,552,Fish Sauce
Trial 1,23,151,21,57,382,549,Fish Sauce
Trial 1,23,152,21,58,381,548,Fish Sauce
Trial 1,23,151,22,57,382,548,Fish Sauce
Trial 1,22,152,21,57,382,549,Fish Sauce
Trial 1,23,153,21,57,383,549,Fish Sauce
Trial 1,23,152,21,57,382,549,Fish Sauce
Trial 1,22,151,21,57,382,549,Fish Sauce
Trial 1,24,153,22,59,383,549,Fish Sauce
Trial 1,22,153,21,57,383,550,Fish Sauce
Trial 1,21,152,21,57,382,548,Fish Sauce
Trial 1,23,152,21,58,382,549,Fish Sauce
Trial 1,23,153,21,57,383,550,Fish Sauce
Trial 1,23,152,21,57,383,550,Fish Sauce
Trial 1,24,152,21,57,383,547,Fish Sauce
Trial 1,23,152,21,57,384,552,Fish Sauce
Trial 1,24,152,20,56,383,550,Fish Sauce
Trial 1,22,152,20,57,385,551,Fish Sauce
Trial 1,23,152,21,57,382,549,Fish Sauce
Trial 1,23,151,21,57,383,550,Fish Sauce
Trial 1,23,153,21,57,383,548,Fish Sauce
Trial 1,23,152,20,57,383,546,Fish Sauce
Trial 2,23,92,20,45,311,478,Fish Sauce
Trial 2,23,91,19,45,312,482,Fish Sauce
Trial 2,23,92,19,45,312,480,Fish Sauce
Trial 2,23,93,21,44,312,478,Fish Sauce
Trial 2,23,91,20,45,312,480,Fish Sauce
Trial 2,22,92,20,44,312,477,Fish Sauce
Trial 2,23,92,19,45,313,479,Fish Sauce
Trial 2,23,92,20,45,312,480,Fish Sauce
Trial 2,23,90,19,46,314,483,Fish Sauce
Trial 2,22,93,21,45,316,482,Fish Sauce
Trial 2,22,92,20,45,316,482,Fish Sauce
Trial 2,24,92,19,45,313,480,Fish Sauce
Trial 2,23,92,19,45,314,480,Fish Sauce
Trial 2,24,92,18,45,315,481,Fish Sauce
Trial 2,23,93,20,45,315,479,Fish Sauce
Trial 2,22,94,21,43,316,482,Fish Sauce
Trial 2,23,93,20,46,319,485,Fish Sauce
Trial 2,22,93,20,46,315,480,Fish Sauce
Trial 2,23,93,20,46,315,479,Fish Sauce
Trial 2,23,92,20,45,316,480,Fish Sauce
Trial 2,23,93,19,46,316,481,Fish Sauce
Trial 2,24,94,20,46,317,481,Fish Sauce
Trial 2,24,93,19,45,317,479,Fish Sauce
Trial 2,22,93,19,44,317,481,Fish Sauce
Trial 2,24,94,19,46,318,481,Fish Sauce
Trial 2,23,94,19,45,317,480,Fish Sauce
Trial 2,23,94,19,45,317,482,Fish Sauce
Trial 2,22,94,21,46,317,480,Fish Sauce
Trial 2,23,94,20,46,319,483,Fish Sauce
Trial 2,23,95,20,45,318,482,Fish Sauce
Trial 2,23,94,19,46,318,481,Fish Sauce
Trial 2,24,94,19,46,319,482,Fish Sauce
Trial 2,22,95,21,46,320,483,Fish Sauce
Trial 2,23,95,20,45,319,481,Fish Sauce
Trial 2,22,95,20,45,319,481,Fish Sauce
Trial 2,22,96,20,46,319,482,Fish Sauce
Trial 2,23,96,19,45,320,482,Fish Sauce
Trial 2,23,95,19,46,319,482,Fish Sauce
Trial 2,24,96,20,46,321,484,Fish Sauce
Trial 2,23,95,20,46,320,482,Fish Sauce
Trial 2,23,95,19,46,320,483,Fish Sauce
Trial 2,23,96,20,46,320,483,Fish Sauce
Trial 2,23,97,20,46,321,485,Fish Sauce
Trial 2,24,96,19,46,320,482,Fish Sauce
Trial 2,23,97,21,45,321,481,Fish Sauce
Trial 2,23,96,20,48,321,484,Fish Sauce
Trial 2,22,96,20,46,321,484,Fish Sauce
Trial 2,23,97,20,46,320,482,Fish Sauce
Trial 2,23,98,21,46,323,485,Fish Sauce
Trial 2,23,97,19,46,322,484,Fish Sauce
Trial 2,23,97,19,46,322,485,Fish Sauce
Trial 2,23,97,20,47,322,483,Fish Sauce
Trial 2,22,98,19,47,323,485,Fish Sauce
Trial 2,24,99,21,46,323,485,Fish Sauce
Trial 2,24,98,19,46,323,485,Fish Sauce
Trial 2,24,98,20,47,324,486,Fish Sauce
Trial 2,23,98,19,47,324,484,Fish Sauce
Trial 2,23,98,20,46,322,483,Fish Sauce
Trial 2,23,98,19,47,324,485,Fish Sauce
Trial 2,23,98,20,46,324,485,Fish Sauce
Trial 2,23,99,20,45,323,483,Fish Sauce
Trial 2,23,99,20,46,322,483,Fish Sauce
Trial 2,23,99,20,46,324,484,Fish Sauce
Trial 2,24,100,20,47,326,487,Fish Sauce
Trial 2,24,99,20,47,324,487,Fish Sauce
Trial 2,23,100,20,47,325,488,Fish Sauce
Trial 2,23,100,20,47,323,483,Fish Sauce
Trial 2,23,100,20,48,324,484,Fish Sauce
Trial 2,23,100,20,46,326,489,Fish Sauce
Trial 2,25,100,20,46,323,485,Fish Sauce
Trial 2,24,100,20,47,324,486,Fish Sauce
Trial 2,23,101,20,47,324,485,Fish Sauce
Trial 2,23,101,20,47,324,486,Fish Sauce
Trial 2,23,101,20,46,324,485,Fish Sauce
Trial 2,23,100,20,47,327,487,Fish Sauce
Trial 2,23,101,20,47,326,486,Fish Sauce
Trial 2,23,101,20,47,325,486,Fish Sauce
Trial 2,23,100,21,48,326,488,Fish Sauce
Trial 2,23,101,19,48,327,488,Fish Sauce
Trial 2,24,100,19,48,327,487,Fish Sauce
Trial 2,24,101,20,47,326,485,Fish Sauce
Trial 2,23,100,20,46,328,488,Fish Sauce
Trial 2,23,102,20,48,329,489,Fish Sauce
Trial 2,23,102,20,47,326,485,Fish Sauce
Trial 2,24,102,19,46,326,486,Fish Sauce
Trial 2,24,102,19,47,328,487,Fish Sauce
Trial 2,24,102,20,47,327,486,Fish Sauce
Trial 2,22,102,21,48,328,488,Fish Sauce
Trial 2,23,103,20,47,327,486,Fish Sauce
Trial 2,22,103,21,47,328,486,Fish Sauce
Trial 2,24,102,20,47,328,487,Fish Sauce
Trial 2,24,103,20,48,328,488,Fish Sauce
Trial 2,24,104,20,47,329,488,Fish Sauce
Trial 2,25,104,20,47,328,486,Fish Sauce
Trial 2,24,104,20,47,328,488,Fish Sauce
Trial 2,24,104,20,48,329,487,Fish Sauce
Trial 2,23,104,20,47,329,490,Fish Sauce
Trial 2,23,104,20,48,328,486,Fish Sauce
Trial 2,24,105,21,48,330,489,Fish Sauce
Trial 2,24,104,20,47,330,490,Fish Sauce
Trial 2,23,105,20,48,329,488,Fish Sauce
Trial 2,24,106,20,48,330,489,Fish Sauce
Trial 2,25,105,20,49,328,488,Fish Sauce
Trial 2,24,105,19,47,331,488,Fish Sauce
Trial 2,22,106,21,48,330,490,Fish Sauce
Trial 2,24,106,20,48,331,491,Fish Sauce
Trial 2,23,106,20,47,329,488,Fish Sauce
Trial 2,24,106,20,48,330,488,Fish Sauce
Trial 2,23,106,19,47,330,489,Fish Sauce
Trial 2,23,106,20,48,331,490,Fish Sauce
Trial 2,24,106,21,48,332,489,Fish Sauce
Trial 2,24,108,21,48,333,492,Fish Sauce
Trial 2,24,106,20,48,330,489,Fish Sauce
Trial 2,23,107,20,47,331,489,Fish Sauce
Trial 2,23,106,20,49,333,491,Fish Sauce
Trial 2,23,107,20,47,331,490,Fish Sauce
Trial 2,23,107,20,48,333,491,Fish Sauce
Trial 2,23,107,20,49,332,493,Fish Sauce
Trial 2,23,108,20,48,332,494,Fish Sauce
Trial 2,24,108,20,48,332,492,Fish Sauce
Trial 2,23,109,20,48,332,491,Fish Sauce
Trial 2,23,108,20,49,332,491,Fish Sauce
Trial 2,22,108,20,48,334,493,Fish Sauce
Trial 2,23,108,20,49,334,493,Fish Sauce
Trial 2,24,108,20,48,333,492,Fish Sauce
Trial 2,23,108,21,48,333,492,Fish Sauce
Trial 2,24,109,20,48,334,491,Fish Sauce
Trial 2,23,109,20,48,334,492,Fish Sauce
Trial 2,23,109,21,48,333,491,Fish Sauce
Trial 2,23,109,20,48,334,493,Fish Sauce
Trial 2,24,109,20,48,334,493,Fish Sauce
Trial 2,25,110,20,48,334,492,Fish Sauce
Trial 2,23,110,20,48,334,493,Fish Sauce
Trial 2,23,111,20,48,335,495,Fish Sauce
Trial 2,21,110,20,48,334,492,Fish Sauce
Trial 2,23,110,20,48,333,493,Fish Sauce
Trial 2,23,111,21,48,334,495,Fish Sauce
Trial 2,22,111,21,49,334,493,Fish Sauce
Trial 2,23,111,19,49,334,494,Fish Sauce
Trial 2,23,112,20,49,336,495,Fish Sauce
Trial 2,25,110,20,48,336,496,Fish Sauce
Trial 2,24,113,21,49,336,495,Fish Sauce
Trial 2,23,111,20,48,335,494,Fish Sauce
Trial 2,24,111,20,49,335,494,Fish Sauce
Trial 2,24,111,20,48,335,492,Fish Sauce
Trial 2,23,112,20,49,336,494,Fish Sauce
Trial 2,22,113,20,49,336,494,Fish Sauce
Trial 2,23,114,21,49,338,495,Fish Sauce
Trial 2,24,113,20,48,337,496,Fish Sauce
Trial 2,23,112,20,48,336,495,Fish Sauce
Trial 2,23,113,20,49,337,496,Fish Sauce
Trial 2,24,113,20,49,337,494,Fish Sauce
Trial 2,24,112,20,49,336,496,Fish Sauce
Trial 2,23,113,20,49,338,497,Fish Sauce
Trial 2,23,113,20,49,337,496,Fish Sauce
Trial 2,23,113,20,49,338,497,Fish Sauce
Trial 2,24,114,20,48,336,496,Fish Sauce
Trial 2,23,114,20,48,337,496,Fish Sauce
Trial 2,26,115,21,49,338,496,Fish Sauce
Trial 2,23,114,20,49,338,496,Fish Sauce
Trial 2,24,115,20,50,337,496,Fish Sauce
Trial 2,23,114,22,49,338,495,Fish Sauce
Trial 2,23,115,20,49,339,497,Fish Sauce
Trial 2,24,115,20,49,337,495,Fish Sauce
Trial 2,23,115,20,49,339,498,Fish Sauce
Trial 2,23,115,21,50,338,495,Fish Sauce
Trial 2,23,115,20,50,339,498,Fish Sauce
Trial 2,23,115,20,49,337,496,Fish Sauce
Trial 2,23,115,21,49,339,498,Fish Sauce
Trial 2,24,116,20,49,339,497,Fish Sauce
Trial 2,22,116,21,50,342,501,Fish Sauce
Trial 2,23,116,20,50,341,498,Fish Sauce
Trial 2,24,116,20,48,340,500,Fish Sauce
Trial 2,23,116,20,49,340,500,Fish Sauce
Trial 2,24,117,20,50,339,496,Fish Sauce
Trial 2,23,116,20,49,341,501,Fish Sauce
Trial 2,23,117,21,50,341,500,Fish Sauce
Trial 2,23,118,21,50,341,500,Fish Sauce
Trial 2,24,116,20,50,340,498,Fish Sauce
Trial 2,23,118,21,50,342,498,Fish Sauce
Trial 2,23,117,20,49,340,498,Fish Sauce
Trial 2,23,117,21,50,341,502,Fish Sauce
Trial 2,22,118,20,50,342,504,Fish Sauce
Trial 2,23,117,20,50,341,500,Fish Sauce
Trial 2,23,118,20,49,343,501,Fish Sauce
Trial 2,23,118,21,49,341,499,Fish Sauce
Trial 2,24,118,21,50,342,501,Fish Sauce
Trial 2,22,118,21,50,342,501,Fish Sauce
Trial 2,23,119,21,50,341,500,Fish Sauce
Trial 2,23,118,20,49,344,502,Fish Sauce
Trial 2,23,118,20,50,342,501,Fish Sauce
Trial 2,23,119,22,50,344,503,Fish Sauce
Trial 2,23,119,20,49,344,503,Fish Sauce
Trial 2,24,119,20,50,343,503,Fish Sauce
Trial 2,22,119,21,51,343,501,Fish Sauce
Trial 2,24,119,20,50,343,501,Fish Sauce
Trial 2,24,121,20,50,342,502,Fish Sauce
Trial 2,24,119,20,50,346,504,Fish Sauce
Trial 2,23,120,21,50,347,503,Fish Sauce
Trial 2,23,121,21,49,345,503,Fish Sauce
Trial 2,24,121,21,51,344,504,Fish Sauce
Trial 2,23,120,21,50,344,502,Fish Sauce
Trial 2,24,120,20,49,344,503,Fish Sauce
Trial 2,23,120,21,49,344,502,Fish Sauce
Trial 2,23,121,21,50,344,503,Fish Sauce
Trial 2,24,122,20,51,346,509,Fish Sauce
Trial 2,23,121,20,50,344,502,Fish Sauce
Trial 2,23,122,21,51,346,504,Fish Sauce
Trial 2,23,121,21,51,344,502,Fish Sauce
Trial 2,23,123,21,51,346,506,Fish Sauce
Trial 2,23,122,20,49,345,503,Fish Sauce
Trial 2,24,122,20,51,345,505,Fish Sauce
Trial 2,24,122,21,51,345,505,Fish Sauce
Trial 2,24,122,20,51,347,504,Fish Sauce
Trial 2,22,123,21,51,346,505,Fish Sauce
Trial 2,24,122,20,51,346,506,Fish Sauce
Trial 2,24,122,21,50,345,503,Fish Sauce
Trial 2,23,122,21,51,346,506,Fish Sauce
Trial 2,24,123,20,51,347,506,Fish Sauce
Trial 2,23,122,20,50,347,507,Fish Sauce
Trial 2,23,124,21,52,348,508,Fish Sauce
Trial 2,24,124,21,51,348,507,Fish Sauce
Trial 2,24,124,21,51,348,509,Fish Sauce
Trial 2,24,123,20,52,346,505,Fish Sauce
Trial 2,24,124,20,51,350,509,Fish Sauce
Trial 2,23,123,20,50,346,504,Fish Sauce
Trial 2,24,124,20,51,350,512,Fish Sauce
Trial 2,23,124,20,50,348,509,Fish Sauce
Trial 2,23,125,21,51,347,509,Fish Sauce
Trial 2,24,123,20,50,348,509,Fish Sauce
Trial 2,25,124,19,51,349,508,Fish Sauce
Trial 2,24,125,21,52,349,508,Fish Sauce
Trial 2,26,124,20,50,348,510,Fish Sauce
Trial 2,23,125,21,52,351,512,Fish Sauce
Trial 2,23,125,19,52,351,513,Fish Sauce
Trial 2,24,124,20,51,350,509,Fish Sauce
Trial 2,24,125,21,51,348,507,Fish Sauce
Trial 2,23,125,20,51,349,509,Fish Sauce
Trial 2,24,125,21,52,348,507,Fish Sauce
Trial 2,24,125,21,52,350,509,Fish Sauce
Trial 2,24,125,21,52,350,510,Fish Sauce
Trial 2,24,126,20,50,350,509,Fish Sauce
Trial 2,23,126,21,52,350,510,Fish Sauce
Trial 2,23,127,20,52,351,511,Fish Sauce
Trial 2,25,127,20,51,350,509,Fish Sauce
Trial 2,23,126,21,52,350,509,Fish Sauce
Trial 2,24,127,22,52,351,509,Fish Sauce
Trial 2,24,126,21,52,350,509,Fish Sauce
Trial 2,24,127,20,51,350,509,Fish Sauce
Trial 2,24,126,21,52,350,509,Fish Sauce
Trial 2,24,127,20,51,350,510,Fish Sauce
Trial 2,24,128,21,52,351,509,Fish Sauce
Trial 2,24,127,20,52,350,510,Fish Sauce
Trial 2,23,126,19,52,351,511,Fish Sauce
Trial 2,24,128,20,53,353,514,Fish Sauce
Trial 2,24,128,21,52,352,512,Fish Sauce
Trial 2,23,128,21,52,350,509,Fish Sauce
Trial 2,23,128,21,52,351,511,Fish Sauce
Trial 2,24,128,20,51,351,512,Fish Sauce
Trial 2,24,128,21,52,351,510,Fish Sauce
Trial 2,23,128,21,53,352,512,Fish Sauce
Trial 2,23,128,20,51,353,515,Fish Sauce
Trial 2,23,128,21,52,352,513,Fish Sauce
Trial 2,24,129,21,52,352,513,Fish Sauce
Trial 2,23,129,21,53,353,514,Fish Sauce
Trial 2,24,128,20,52,355,514,Fish Sauce
Trial 2,23,129,21,52,352,512,Fish Sauce
Trial 2,24,129,21,52,352,511,Fish Sauce
Trial 2,25,128,20,52,352,513,Fish Sauce
Trial 2,24,131,21,52,352,512,Fish Sauce
Trial 2,24,130,21,52,352,512,Fish Sauce
Trial 2,24,130,20,49,353,513,Fish Sauce
Trial 2,23,130,21,52,353,513,Fish Sauce
Trial 2,24,130,20,53,354,514,Fish Sauce
Trial 2,24,130,21,53,354,514,Fish Sauce
Trial 2,23,130,22,52,352,511,Fish Sauce
Trial 2,23,129,21,52,354,514,Fish Sauce
Trial 2,24,130,20,52,353,513,Fish Sauce
Trial 2,23,130,20,53,354,514,Fish Sauce
Trial 2,23,130,20,52,354,514,Fish Sauce
Trial 2,24,130,20,52,354,514,Fish Sauce
Trial 2,24,131,21,52,354,513,Fish Sauce
Trial 2,24,130,21,52,354,511,Fish Sauce
Trial 2,24,131,21,53,354,513,Fish Sauce
Trial 2,24,131,20,52,354,514,Fish Sauce
Trial 2,24,131,21,52,354,512,Fish Sauce
Trial 2,23,131,21,53,357,517,Fish Sauce
Trial 2,23,132,21,52,357,518,Fish Sauce
Trial 2,23,132,20,53,355,514,Fish Sauce
Trial 2,24,132,21,53,355,513,Fish Sauce
Trial 2,24,132,20,52,356,516,Fish Sauce
Trial 2,23,131,21,53,355,515,Fish Sauce
Trial 2,24,133,21,53,357,517,Fish Sauce
Trial 2,24,132,20,53,355,515,Fish Sauce
Trial 2,23,132,21,53,355,514,Fish Sauce
Trial 2,24,132,21,53,357,516,Fish Sauce
Trial 2,24,132,20,54,355,515,Fish Sauce
Trial 2,24,132,20,53,357,518,Fish Sauce
Trial 2,23,133,20,53,356,517,Fish Sauce
Trial 2,23,132,21,53,356,516,Fish Sauce
Trial 2,24,133,21,52,356,515,Fish Sauce
Trial 2,24,132,20,54,357,516,Fish Sauce
Trial 2,24,133,21,53,356,515,Fish Sauce
Trial 2,23,133,21,53,356,516,Fish Sauce
Trial 2,24,133,21,53,356,517,Fish Sauce
Trial 2,23,133,21,53,356,516,Fish Sauce
Trial 2,24,134,21,53,356,516,Fish Sauce
Trial 2,24,133,21,53,357,518,Fish Sauce
Trial 2,24,134,20,52,357,517,Fish Sauce
Trial 2,23,134,20,53,357,518,Fish Sauce
Trial 2,24,133,19,53,359,519,Fish Sauce
Trial 2,24,134,22,54,358,519,Fish Sauce
Trial 2,24,135,21,53,359,521,Fish Sauce
Trial 2,24,134,21,53,358,519,Fish Sauce
Trial 2,24,134,22,53,358,518,Fish Sauce
Trial 2,23,135,21,54,358,518,Fish Sauce
Trial 2,24,134,21,53,358,519,Fish Sauce
Trial 2,24,134,21,53,358,519,Fish Sauce
Trial 2,24,135,21,52,358,517,Fish Sauce
Trial 2,23,134,21,54,359,519,Fish Sauce
Trial 2,24,135,21,53,359,521,Fish Sauce
Trial 2,23,135,22,54,358,518,Fish Sauce
Trial 2,24,135,21,53,358,519,Fish Sauce
Trial 2,24,135,22,53,358,520,Fish Sauce
Trial 2,24,136,21,54,359,519,Fish Sauce
Trial 2,24,135,21,53,359,519,Fish Sauce
Trial 2,24,135,20,53,359,519,Fish Sauce
Trial 2,24,135,21,53,360,522,Fish Sauce
Trial 2,23,134,22,53,359,520,Fish Sauce
Trial 2,23,136,21,54,359,520,Fish Sauce
Trial 2,23,136,21,55,360,520,Fish Sauce
Trial 2,24,136,20,54,360,521,Fish Sauce
Trial 2,24,136,21,55,360,520,Fish Sauce
Trial 2,24,136,21,54,359,520,Fish Sauce
Trial 2,23,136,20,54,360,522,Fish Sauce
Trial 2,24,136,21,54,358,519,Fish Sauce
Trial 2,24,137,21,54,359,520,Fish Sauce
Trial 2,24,137,22,53,359,520,Fish Sauce
Trial 2,24,137,21,55,362,523,Fish Sauce
Trial 2,24,136,21,53,360,521,Fish Sauce
Trial 2,24,137,21,53,358,520,Fish Sauce
Trial 2,24,138,22,55,363,524,Fish Sauce
Trial 2,24,137,20,54,362,524,Fish Sauce
Trial 2,23,137,20,54,361,522,Fish Sauce
Trial 2,24,137,21,54,362,524,Fish Sauce
Trial 2,24,137,20,54,362,522,Fish Sauce
Trial 2,24,138,22,54,362,522,Fish Sauce
Trial 2,24,138,22,54,362,524,Fish Sauce
Trial 2,24,138,21,54,361,522,Fish Sauce
Trial 2,23,138,21,54,365,528,Fish Sauce
Trial 2,23,138,21,55,363,527,Fish Sauce
Trial 2,23,137,21,54,362,524,Fish Sauce
Trial 2,24,138,21,54,362,523,Fish Sauce
Trial 2,24,138,21,54,362,524,Fish Sauce
Trial 2,25,138,21,53,362,521,Fish Sauce
Trial 2,24,139,21,54,366,526,Fish Sauce
Trial 2,23,139,21,54,363,526,Fish Sauce
Trial 2,23,139,21,55,362,525,Fish Sauce
Trial 2,24,139,21,55,363,523,Fish Sauce
Trial 2,23,140,21,55,366,527,Fish Sauce
Trial 2,24,139,22,54,362,522,Fish Sauce
Trial 2,24,139,21,54,363,523,Fish Sauce
Trial 2,24,140,21,55,364,526,Fish Sauce
Trial 2,24,139,21,55,362,524,Fish Sauce
Trial 2,25,140,21,55,364,523,Fish Sauce
Trial 2,25,139,20,54,364,523,Fish Sauce
Trial 2,23,141,21,54,365,529,Fish Sauce
Trial 2,24,140,21,54,365,526,Fish Sauce
Trial 2,24,140,21,54,363,523,Fish Sauce
Trial 2,22,140,20,55,364,529,Fish Sauce
Trial 2,24,140,21,55,367,528,Fish Sauce
Trial 2,23,143,21,55,363,524,Fish Sauce
Trial 2,24,140,20,55,363,525,Fish Sauce
Trial 2,24,140,19,54,365,526,Fish Sauce
Trial 2,25,140,21,54,365,525,Fish Sauce
Trial 2,24,141,21,55,363,525,Fish Sauce
Trial 2,26,140,21,55,363,527,Fish Sauce
Trial 2,24,140,21,55,364,524,Fish Sauce
Trial 2,24,141,21,54,364,525,Fish Sauce
Trial 2,24,141,21,56,365,527,Fish Sauce
Trial 2,24,141,21,55,364,525,Fish Sauce
Trial 2,25,141,21,55,365,526,Fish Sauce
Trial 2,24,141,21,55,365,525,Fish Sauce
Trial 2,24,141,23,55,364,527,Fish Sauce
Trial 2,24,142,21,55,365,527,Fish Sauce
Trial 2,23,141,21,55,365,527,Fish Sauce
Trial 2,24,141,21,55,365,527,Fish Sauce
Trial 2,23,142,21,55,365,526,Fish Sauce
Trial 2,24,141,21,54,365,526,Fish Sauce
Trial 2,24,142,21,54,365,527,Fish Sauce
Trial 2,24,142,21,54,366,526,Fish Sauce
Trial 2,23,143,23,55,367,529,Fish Sauce
Trial 2,23,142,21,55,365,526,Fish Sauce
Trial 2,24,142,20,55,367,528,Fish Sauce
Trial 2,24,142,21,56,367,529,Fish Sauce
Trial 2,24,142,21,55,365,526,Fish Sauce
Trial 2,24,142,21,55,366,527,Fish Sauce
Trial 2,23,143,22,56,367,529,Fish Sauce
Trial 2,23,142,21,55,366,528,Fish Sauce
Trial 2,23,143,21,55,366,528,Fish Sauce
Trial 2,23,144,21,57,370,530,Fish Sauce
Trial 2,24,143,21,55,366,527,Fish Sauce
Trial 2,24,143,21,56,366,527,Fish Sauce
Trial 2,24,143,21,55,366,526,Fish Sauce
Trial 2,24,143,21,55,367,527,Fish Sauce
Trial 2,23,143,22,56,369,530,Fish Sauce
Trial 2,25,144,21,55,368,528,Fish Sauce
Trial 2,24,145,21,56,368,531,Fish Sauce
Trial 2,24,144,20,54,370,531,Fish Sauce
Trial 2,23,143,22,56,367,528,Fish Sauce
Trial 2,24,143,21,56,368,530,Fish Sauce
Trial 2,24,143,21,55,367,526,Fish Sauce
Trial 2,25,143,21,56,366,527,Fish Sauce
Trial 2,24,144,21,56,367,527,Fish Sauce
Trial 2,24,143,21,54,369,530,Fish Sauce
Trial 2,23,144,20,56,367,528,Fish Sauce
Trial 2,24,144,21,55,367,526,Fish Sauce
Trial 2,23,144,22,56,368,529,Fish Sauce
Trial 2,25,144,21,56,368,529,Fish Sauce
Trial 2,24,144,22,55,367,527,Fish Sauce
Trial 2,24,144,21,56,368,529,Fish Sauce
Trial 2,24,144,20,56,369,528,Fish Sauce
Trial 2,24,144,21,56,367,528,Fish Sauce
Trial 2,24,144,22,56,368,527,Fish Sauce
Trial 2,24,145,21,55,368,528,Fish Sauce
Trial 2,24,143,21,57,368,528,Fish Sauce
Trial 2,24,145,22,56,370,529,Fish Sauce
Trial 2,24,145,21,57,371,532,Fish Sauce
Trial 2,23,145,21,56,370,532,Fish Sauce
Trial 2,24,145,22,55,368,527,Fish Sauce
Trial 2,24,145,21,56,369,530,Fish Sauce
Trial 2,24,145,21,56,369,530,Fish Sauce
Trial 2,25,146,21,56,370,533,Fish Sauce
Trial 2,24,147,21,56,370,531,Fish Sauce
Trial 2,24,145,21,56,368,530,Fish Sauce
Trial 2,23,145,21,56,370,531,Fish Sauce
Trial 2,23,145,21,57,368,530,Fish Sauce
Trial 2,25,147,22,56,371,532,Fish Sauce
Trial 2,24,145,21,57,370,531,Fish Sauce
Trial 2,23,146,21,57,371,532,Fish Sauce
Trial 2,24,146,22,57,371,533,Fish Sauce
Trial 2,23,145,20,57,370,532,Fish Sauce
Trial 2,24,145,20,56,370,532,Fish Sauce
Trial 2,24,146,21,56,369,530,Fish Sauce
Trial 2,23,146,21,57,370,531,Fish Sauce
Trial 2,23,147,21,56,371,532,Fish Sauce
Trial 2,23,147,22,56,370,531,Fish Sauce
Trial 2,23,146,22,57,372,534,Fish Sauce
Trial 2,25,146,20,56,369,533,Fish Sauce
Trial 2,24,147,20,56,374,537,Fish Sauce
Trial 2,23,146,21,57,372,533,Fish Sauce
Trial 2,24,148,22,57,372,536,Fish Sauce
Trial 2,24,147,21,57,370,531,Fish Sauce
Trial 2,24,148,21,56,373,535,Fish Sauce
Trial 2,24,147,21,56,370,532,Fish Sauce
Trial 2,23,146,22,56,370,531,Fish Sauce
Trial 2,24,146,21,56,371,533,Fish Sauce
Trial 2,23,148,21,57,372,534,Fish Sauce
Trial 2,23,147,21,57,372,534,Fish Sauce
Trial 2,23,148,21,56,372,535,Fish Sauce
Trial 2,24,148,21,57,372,533,Fish Sauce
Trial 2,24,148,23,58,372,534,Fish Sauce
Trial 2,24,147,21,56,372,532,Fish Sauce
Trial 2,24,148,21,56,373,537,Fish Sauce
Trial 2,24,148,22,57,373,535,Fish Sauce
Trial 2,24,148,21,57,374,537,Fish Sauce
Trial 2,24,148,22,56,373,534,Fish Sauce
Trial 2,25,148,22,56,371,531,Fish Sauce
Trial 2,24,148,21,57,372,534,Fish Sauce
Trial 2,23,148,21,57,371,532,Fish Sauce
Trial 2,24,148,21,56,372,533,Fish Sauce
Trial 2,24,149,21,57,375,538,Fish Sauce
Trial 2,24,149,22,56,372,533,Fish Sauce
Trial 2,24,148,21,57,372,533,Fish Sauce
Trial 2,23,148,22,57,372,533,Fish Sauce
Trial 2,23,148,22,57,373,535,Fish Sauce
Trial 2,24,148,22,57,373,536,Fish Sauce
Trial 2,25,148,20,57,374,536,Fish Sauce
Trial 2,24,150,21,58,377,539,Fish Sauce
Trial 2,24,149,21,57,373,534,Fish Sauce
Trial 2,24,150,21,57,375,535,Fish Sauce
Trial 2,23,150,21,57,373,536,Fish Sauce
Trial 2,24,149,21,58,373,534,Fish Sauce
Trial 2,24,149,22,57,374,536,Fish Sauce
Trial 2,24,150,21,57,371,534,Fish Sauce
Trial 2,24,149,21,57,374,534,Fish Sauce
Trial 2,23,149,21,57,374,536,Fish Sauce
Trial 2,24,150,21,59,374,536,Fish Sauce
Trial 2,25,150,22,57,373,534,Fish Sauce
Trial 2,23,150,22,58,375,537,Fish Sauce
Trial 2,23,150,22,57,376,539,Fish Sauce
Trial 2,24,150,23,58,373,534,Fish Sauce
Trial 2,23,151,21,57,376,540,Fish Sauce
Trial 2,24,150,22,57,375,537,Fish Sauce
Trial 2,25,150,21,57,375,536,Fish Sauce
Trial 2,24,150,21,57,374,536,Fish Sauce
Trial 2,24,150,22,57,374,535,Fish Sauce
Trial 2,24,149,21,57,373,533,Fish Sauce
Trial 2,24,151,21,57,374,535,Fish Sauce
Trial 2,23,151,20,58,376,539,Fish Sauce
Trial 2,25,150,21,57,375,536,Fish Sauce
Trial 2,26,152,21,57,376,540,Fish Sauce
Trial 2,24,150,21,57,374,536,Fish Sauce
Trial 2,24,151,21,58,375,538,Fish Sauce
Trial 2,24,150,21,58,375,538,Fish Sauce
Trial 2,24,151,22,58,375,538,Fish Sauce
Trial 2,23,151,21,58,377,538,Fish Sauce
Trial 2,24,152,21,57,376,539,Fish Sauce
Trial 2,23,152,22,56,376,540,Fish Sauce
Trial 2,23,151,21,58,375,538,Fish Sauce
Trial 2,24,151,21,57,375,539,Fish Sauce
Trial 2,24,151,21,57,375,538,Fish Sauce
Trial 2,23,150,22,57,378,541,Fish Sauce
Trial 2,24,151,20,58,378,541,Fish Sauce
Trial 2,24,152,22,57,376,540,Fish Sauce
Trial 2,24,151,21,58,377,542,Fish Sauce
Trial 2,24,151,21,58,376,540,Fish Sauce
Trial 2,24,151,21,58,376,540,Fish Sauce
Trial 2,24,152,21,57,375,538,Fish Sauce
Trial 2,24,152,21,58,376,539,Fish Sauce
Trial 2,24,152,21,57,375,542,Fish Sauce
Trial 2,24,152,22,57,376,539,Fish Sauce
Trial 2,24,153,22,58,378,543,Fish Sauce
Trial 2,24,150,22,58,377,543,Fish Sauce
Trial 2,24,153,22,58,376,541,Fish Sauce
Trial 2,24,153,22,58,377,541,Fish Sauce
Trial 2,25,152,21,58,376,538,Fish Sauce
Trial 2,24,151,22,58,376,539,Fish Sauce
Trial 2,24,152,21,58,378,542,Fish Sauce
Trial 2,23,153,22,58,378,543,Fish Sauce
Trial 2,24,153,22,58,377,541,Fish Sauce
Trial 2,24,152,21,58,377,539,Fish Sauce
Trial 2,24,153,21,58,378,541,Fish Sauce
Trial 2,24,153,22,58,377,541,Fish Sauce
Trial 2,23,152,21,57,380,545,Fish Sauce
Trial 2,23,152,21,58,379,542,Fish Sauce
Trial 2,25,152,22,58,378,541,Fish Sauce
Trial 2,24,153,22,58,378,542,Fish Sauce
Trial 2,25,152,21,58,378,541,Fish Sauce
Trial 2,24,153,21,58,378,541,Fish Sauce
Trial 2,25,153,22,58,377,540,Fish Sauce
Trial 2,24,153,21,58,378,544,Fish Sauce
Trial 2,25,155,23,59,379,543,Fish Sauce
Trial 2,24,153,21,58,378,542,Fish Sauce
Trial 2,24,153,22,58,380,542,Fish Sauce
Trial 2,24,154,22,58,380,545,Fish Sauce
Trial 2,24,154,20,59,378,543,Fish Sauce
Trial 2,24,154,22,58,378,540,Fish Sauce
Trial 2,23,154,21,59,379,543,Fish Sauce
Trial 2,23,153,21,59,379,542,Fish Sauce
Trial 2,24,154,22,58,378,541,Fish Sauce
Trial 2,24,154,22,58,379,544,Fish Sauce
Trial 2,24,153,21,58,378,541,Fish Sauce
Trial 2,24,154,22,58,379,541,Fish Sauce
Trial 2,24,154,22,58,379,543,Fish Sauce
Trial 2,24,154,21,58,379,542,Fish Sauce
Trial 2,23,154,20,59,380,543,Fish Sauce
Trial 2,24,155,22,59,381,544,Fish Sauce
Trial 2,24,153,21,58,381,543,Fish Sauce
Trial 2,23,154,21,58,379,543,Fish Sauce
Trial 2,24,154,22,59,380,544,Fish Sauce
Trial 2,22,155,21,60,380,543,Fish Sauce
Trial 2,24,155,22,59,380,545,Fish Sauce
Trial 2,25,154,23,58,378,541,Fish Sauce
Trial 2,24,153,21,59,379,542,Fish Sauce
Trial 2,24,154,22,59,379,543,Fish Sauce
Trial 2,24,155,21,59,381,544,Fish Sauce
Trial 2,24,155,22,59,380,543,Fish Sauce
Trial 2,24,155,23,59,379,541,Fish Sauce
Trial 2,24,155,22,58,380,543,Fish Sauce
Trial 2,24,156,21,59,382,545,Fish Sauce
Trial 2,23,155,23,59,381,545,Fish Sauce
Trial 2,24,155,22,58,381,543,Fish Sauce
Trial 2,24,155,21,59,381,544,Fish Sauce
Trial 2,24,155,21,58,381,545,Fish Sauce
Trial 2,24,155,21,58,379,543,Fish Sauce
Trial 2,24,155,22,59,379,542,Fish Sauce
Trial 2,24,154,21,59,380,544,Fish Sauce
Trial 2,24,155,20,60,382,545,Fish Sauce
Trial 2,25,156,22,59,382,545,Fish Sauce
Trial 2,24,156,23,59,380,544,Fish Sauce
Trial 2,24,156,21,58,382,545,Fish Sauce
Trial 2,23,155,23,58,382,546,Fish Sauce
Trial 2,24,156,20,58,383,544,Fish Sauce
Trial 2,25,156,21,59,382,542,Fish Sauce
Trial 2,24,155,21,59,381,544,Fish Sauce
Trial 2,24,156,21,59,380,543,Fish Sauce
Trial 2,24,155,21,58,381,544,Fish Sauce
Trial 2,23,157,22,58,382,546,Fish Sauce
Trial 2,24,156,21,59,383,546,Fish Sauce
Trial 2,24,156,21,59,380,542,Fish Sauce
Trial 2,24,156,21,59,381,544,Fish Sauce
Trial 2,24,156,22,59,383,546,Fish Sauce
Trial 2,24,156,21,59,381,544,Fish Sauce
Trial 2,24,157,22,58,382,544,Fish Sauce
Trial 2,24,157,21,62,382,544,Fish Sauce
Trial 2,25,155,21,59,384,547,Fish Sauce
Trial 2,24,156,21,58,381,544,Fish Sauce
Trial 2,24,156,22,59,382,544,Fish Sauce
Trial 2,24,157,22,59,380,542,Fish Sauce
Trial 2,24,156,22,58,381,543,Fish Sauce
Trial 2,23,156,21,60,382,547,Fish Sauce
Trial 2,24,158,22,59,384,547,Fish Sauce
Trial 2,25,157,22,58,383,547,Fish Sauce
Trial 4,,93,19,46,322,480,Fish Sauce
Trial 4,23,91,19,46,319,479,Fish Sauce
Trial 4,23,90,19,45,320,480,Fish Sauce
Trial 4,23,90,18,45,319,479,Fish Sauce
Trial 4,23,91,20,45,320,479,Fish Sauce
Trial 4,22,91,19,47,320,478,Fish Sauce
Trial 4,23,93,19,46,322,480,Fish Sauce
Trial 4,23,92,19,45,320,478,Fish Sauce
Trial 4,22,91,19,46,320,478,Fish Sauce
Trial 4,23,91,19,46,322,482,Fish Sauce
Trial 4,22,91,19,47,323,480,Fish Sauce
Trial 4,23,91,19,45,322,480,Fish Sauce
Trial 4,23,91,19,45,321,480,Fish Sauce
Trial 4,23,92,20,46,324,482,Fish Sauce
Trial 4,23,91,19,45,324,483,Fish Sauce
Trial 4,22,92,20,46,322,477,Fish Sauce
Trial 4,23,92,19,45,322,479,Fish Sauce
Trial 4,22,92,19,46,322,479,Fish Sauce
Trial 4,23,92,19,46,323,481,Fish Sauce
Trial 4,22,93,19,46,324,479,Fish Sauce
Trial 4,22,93,19,46,324,481,Fish Sauce
Trial 4,23,93,20,46,324,482,Fish Sauce
Trial 4,23,94,19,46,324,481,Fish Sauce
Trial 4,23,93,19,45,324,481,Fish Sauce
Trial 4,23,93,19,46,325,482,Fish Sauce
Trial 4,22,94,20,46,324,480,Fish Sauce
Trial 4,22,94,20,47,324,479,Fish Sauce
Trial 4,23,92,20,45,326,482,Fish Sauce
Trial 4,22,93,20,46,326,482,Fish Sauce
Trial 4,24,94,18,46,326,481,Fish Sauce
Trial 4,22,95,20,46,325,480,Fish Sauce
Trial 4,21,94,19,46,326,483,Fish Sauce
Trial 4,23,94,19,46,325,480,Fish Sauce
Trial 4,22,95,20,46,326,480,Fish Sauce
Trial 4,23,94,18,47,328,485,Fish Sauce
Trial 4,23,95,19,47,328,483,Fish Sauce
Trial 4,23,95,20,46,327,484,Fish Sauce
Trial 4,23,97,19,46,327,483,Fish Sauce
Trial 4,22,95,21,46,326,480,Fish Sauce
Trial 4,25,96,20,46,326,481,Fish Sauce
Trial 4,22,95,20,46,327,483,Fish Sauce
Trial 4,23,96,18,46,326,482,Fish Sauce
Trial 4,23,96,19,47,327,483,Fish Sauce
Trial 4,23,97,20,47,330,486,Fish Sauce
Trial 4,23,97,19,47,329,484,Fish Sauce
Trial 4,23,96,19,47,330,484,Fish Sauce
Trial 4,23,97,19,47,330,485,Fish Sauce
Trial 4,23,96,19,47,328,483,Fish Sauce
Trial 4,22,96,19,47,328,484,Fish Sauce
Trial 4,22,98,20,47,330,485,Fish Sauce
Trial 4,23,97,20,48,331,487,Fish Sauce
Trial 4,23,98,20,47,331,486,Fish Sauce
Trial 4,25,99,20,47,328,483,Fish Sauce
Trial 4,23,97,20,47,328,483,Fish Sauce
Trial 4,23,98,20,46,329,483,Fish Sauce
Trial 4,23,98,20,47,329,483,Fish Sauce
Trial 4,24,97,19,48,333,488,Fish Sauce
Trial 4,23,98,20,48,333,488,Fish Sauce
Trial 4,23,99,19,46,332,487,Fish Sauce
Trial 4,22,98,20,49,330,484,Fish Sauce
Trial 4,23,99,19,47,330,485,Fish Sauce
Trial 4,23,99,19,46,330,485,Fish Sauce
Trial 4,23,99,20,46,330,484,Fish Sauce
Trial 4,23,100,20,48,331,487,Fish Sauce
Trial 4,22,100,20,47,331,486,Fish Sauce
Trial 4,23,99,20,47,331,486,Fish Sauce
Trial 4,22,100,20,48,331,486,Fish Sauce
Trial 4,22,100,20,47,331,485,Fish Sauce
Trial 4,24,101,20,47,331,485,Fish Sauce
Trial 4,23,101,20,48,332,487,Fish Sauce
Trial 4,23,101,19,47,331,487,Fish Sauce
Trial 4,22,101,20,49,333,488,Fish Sauce
Trial 4,23,102,20,48,333,490,Fish Sauce
Trial 4,22,101,20,48,333,487,Fish Sauce
Trial 4,23,101,20,47,332,486,Fish Sauce
Trial 4,23,101,20,48,332,488,Fish Sauce
Trial 4,23,102,21,48,332,486,Fish Sauce
Trial 4,23,102,20,48,332,486,Fish Sauce
Trial 4,23,100,20,48,333,487,Fish Sauce
Trial 4,24,103,20,47,334,489,Fish Sauce
Trial 4,24,102,20,47,334,488,Fish Sauce
Trial 4,23,103,20,48,333,487,Fish Sauce
Trial 4,23,102,20,48,333,487,Fish Sauce
Trial 4,23,102,20,47,333,488,Fish Sauce
Trial 4,23,103,20,48,333,487,Fish Sauce
Trial 4,23,102,20,48,333,488,Fish Sauce
Trial 4,23,103,20,48,335,492,Fish Sauce
Trial 4,23,104,21,48,335,490,Fish Sauce
Trial 4,23,104,21,48,335,488,Fish Sauce
Trial 4,23,103,19,46,334,488,Fish Sauce
Trial 4,23,104,20,48,335,489,Fish Sauce
Trial 4,23,104,20,48,335,489,Fish Sauce
Trial 4,22,105,20,48,335,489,Fish Sauce
Trial 4,23,105,19,47,337,493,Fish Sauce
Trial 4,23,104,20,48,336,489,Fish Sauce
Trial 4,22,105,19,48,336,489,Fish Sauce
Trial 4,23,105,19,48,335,490,Fish Sauce
Trial 4,23,105,20,49,336,489,Fish Sauce
Trial 4,23,105,20,48,335,490,Fish Sauce
Trial 4,23,105,19,48,337,491,Fish Sauce
Trial 4,23,106,19,49,337,490,Fish Sauce
Trial 4,23,106,20,48,336,491,Fish Sauce
Trial 4,23,106,21,48,336,490,Fish Sauce
Trial 4,23,106,19,48,336,491,Fish Sauce
Trial 4,23,107,21,49,337,492,Fish Sauce
Trial 4,23,107,21,48,335,488,Fish Sauce
Trial 4,23,107,20,48,336,491,Fish Sauce
Trial 4,23,107,21,49,338,493,Fish Sauce
Trial 4,23,107,20,48,337,491,Fish Sauce
Trial 4,24,107,20,49,338,489,Fish Sauce
Trial 4,23,107,19,48,337,491,Fish Sauce
Trial 4,23,107,20,49,337,491,Fish Sauce
Trial 4,24,108,20,48,336,489,Fish Sauce
Trial 4,23,108,20,48,337,490,Fish Sauce
Trial 4,24,107,20,50,341,494,Fish Sauce
Trial 4,22,109,20,50,341,493,Fish Sauce
Trial 4,24,108,20,48,338,490,Fish Sauce
Trial 4,22,109,20,48,338,492,Fish Sauce
Trial 4,22,108,20,49,338,492,Fish Sauce
Trial 4,23,108,19,48,338,491,Fish Sauce
Trial 4,23,110,20,48,339,492,Fish Sauce
Trial 4,24,109,20,48,340,494,Fish Sauce
Trial 4,23,108,20,48,338,491,Fish Sauce
Trial 4,23,109,20,49,339,491,Fish Sauce
Trial 4,23,110,19,48,340,495,Fish Sauce
Trial 4,23,110,20,49,340,492,Fish Sauce
Trial 4,24,110,20,48,339,492,Fish Sauce
Trial 4,24,111,19,49,340,493,Fish Sauce
Trial 4,22,111,20,49,339,494,Fish Sauce
Trial 4,23,111,20,48,340,495,Fish Sauce
Trial 4,23,111,20,50,340,492,Fish Sauce
Trial 4,23,111,20,48,339,493,Fish Sauce
Trial 4,22,111,20,49,340,492,Fish Sauce
Trial 4,23,111,20,49,340,492,Fish Sauce
Trial 4,22,111,20,49,340,494,Fish Sauce
Trial 4,23,111,20,50,342,495,Fish Sauce
Trial 4,23,111,20,49,342,495,Fish Sauce
Trial 4,23,111,19,49,341,494,Fish Sauce
Trial 4,24,112,20,49,340,492,Fish Sauce
Trial 4,24,112,21,49,341,492,Fish Sauce
Trial 4,23,113,20,49,341,494,Fish Sauce
Trial 4,22,112,20,50,342,494,Fish Sauce
Trial 4,23,113,19,49,342,497,Fish Sauce
Trial 4,23,113,20,49,341,494,Fish Sauce
Trial 4,24,115,21,48,342,494,Fish Sauce
Trial 4,23,113,20,49,341,492,Fish Sauce
Trial 4,24,113,21,49,341,493,Fish Sauce
Trial 4,23,114,20,50,341,493,Fish Sauce
Trial 4,23,114,20,50,342,495,Fish Sauce
Trial 4,23,114,20,50,343,494,Fish Sauce
Trial 4,24,114,21,49,344,497,Fish Sauce
Trial 4,24,115,20,51,343,495,Fish Sauce
Trial 4,23,114,20,49,343,495,Fish Sauce
Trial 4,24,115,20,49,343,495,Fish Sauce
Trial 4,23,115,20,50,343,495,Fish Sauce
Trial 4,24,114,21,48,342,494,Fish Sauce
Trial 4,23,115,20,50,343,495,Fish Sauce
Trial 4,23,116,21,50,346,498,Fish Sauce
Trial 4,24,115,20,49,344,496,Fish Sauce
Trial 4,22,116,20,50,344,496,Fish Sauce
Trial 4,23,116,19,49,345,497,Fish Sauce
Trial 4,23,116,20,50,347,497,Fish Sauce
Trial 4,24,116,20,50,346,499,Fish Sauce
Trial 4,23,117,20,50,346,500,Fish Sauce
Trial 4,23,116,21,50,345,497,Fish Sauce
Trial 4,24,116,20,50,344,494,Fish Sauce
Trial 4,23,118,20,50,347,499,Fish Sauce
Trial 4,24,116,20,49,346,498,Fish Sauce
Trial 4,23,117,21,50,345,498,Fish Sauce
Trial 4,23,117,20,51,345,497,Fish Sauce
Trial 4,23,117,20,50,345,498,Fish Sauce
Trial 4,23,118,20,51,347,498,Fish Sauce
Trial 4,24,119,21,50,349,501,Fish Sauce
Trial 4,24,118,20,49,348,500,Fish Sauce
Trial 4,23,119,21,51,346,498,Fish Sauce
Trial 4,23,117,20,50,346,498,Fish Sauce
Trial 4,23,118,21,51,346,498,Fish Sauce
Trial 4,23,118,20,50,346,499,Fish Sauce
Trial 4,23,118,20,50,346,500,Fish Sauce
Trial 4,22,120,21,51,349,502,Fish Sauce
Trial 4,24,120,22,50,349,501,Fish Sauce
Trial 4,24,119,21,51,347,499,Fish Sauce
Trial 4,22,120,21,50,349,498,Fish Sauce
Trial 4,23,119,21,50,348,502,Fish Sauce
Trial 4,24,119,21,52,349,501,Fish Sauce
Trial 4,23,119,21,51,348,500,Fish Sauce
Trial 4,22,120,22,51,349,502,Fish Sauce
Trial 4,24,120,20,50,348,501,Fish Sauce
Trial 4,24,121,21,51,348,500,Fish Sauce
Trial 4,24,120,21,50,347,498,Fish Sauce
Trial 4,24,120,20,50,349,499,Fish Sauce
Trial 4,23,120,21,50,347,498,Fish Sauce
Trial 4,23,120,21,51,349,501,Fish Sauce
Trial 4,23,120,21,50,351,503,Fish Sauce
Trial 4,24,121,19,51,351,503,Fish Sauce
Trial 4,23,121,19,51,350,502,Fish Sauce
Trial 4,23,121,21,51,349,500,Fish Sauce
Trial 4,23,121,20,51,349,502,Fish Sauce
Trial 4,23,121,20,51,349,501,Fish Sauce
Trial 4,23,120,20,52,349,502,Fish Sauce
Trial 4,23,121,21,51,350,504,Fish Sauce
Trial 4,24,121,20,50,352,505,Fish Sauce
Trial 4,24,122,20,51,351,503,Fish Sauce
Trial 4,23,122,21,51,349,501,Fish Sauce
Trial 4,22,122,20,51,350,501,Fish Sauce
Trial 4,23,122,20,51,350,502,Fish Sauce
Trial 4,23,123,20,51,349,501,Fish Sauce
Trial 4,24,122,20,52,351,501,Fish Sauce
Trial 4,24,123,21,53,352,503,Fish Sauce
Trial 4,23,124,21,51,350,503,Fish Sauce
Trial 4,24,123,20,51,350,502,Fish Sauce
Trial 4,24,122,20,51,351,503,Fish Sauce
Trial 4,23,123,21,52,351,502,Fish Sauce
Trial 4,24,123,20,51,351,503,Fish Sauce
Trial 4,24,123,20,51,351,505,Fish Sauce
Trial 4,23,123,21,51,351,502,Fish Sauce
Trial 4,23,124,21,51,352,504,Fish Sauce
Trial 4,23,124,20,52,352,504,Fish Sauce
Trial 4,24,124,21,51,351,503,Fish Sauce
Trial 4,24,124,20,51,351,503,Fish Sauce
Trial 4,24,124,20,50,351,503,Fish Sauce
Trial 4,23,123,20,51,352,504,Fish Sauce
Trial 4,23,125,21,50,354,506,Fish Sauce
Trial 4,23,125,22,52,354,506,Fish Sauce
Trial 4,23,125,21,51,353,506,Fish Sauce
Trial 4,23,125,21,51,352,504,Fish Sauce
Trial 4,23,125,20,51,352,505,Fish Sauce
Trial 4,24,125,20,51,352,505,Fish Sauce
Trial 4,23,125,21,52,352,505,Fish Sauce
Trial 4,23,126,20,51,354,507,Fish Sauce
Trial 4,23,126,20,52,355,507,Fish Sauce
Trial 4,24,126,21,52,354,506,Fish Sauce
Trial 4,23,126,21,52,353,506,Fish Sauce
Trial 4,23,126,21,51,353,505,Fish Sauce
Trial 4,23,127,21,52,353,505,Fish Sauce
Trial 4,24,127,21,52,354,507,Fish Sauce
Trial 4,24,127,21,52,352,503,Fish Sauce
Trial 4,23,126,20,52,354,507,Fish Sauce
Trial 4,23,127,21,52,354,507,Fish Sauce
Trial 4,24,127,20,52,354,506,Fish Sauce
Trial 4,24,128,21,52,354,506,Fish Sauce
Trial 4,24,126,20,51,354,506,Fish Sauce
Trial 4,24,127,20,51,355,507,Fish Sauce
Trial 4,23,128,21,52,355,505,Fish Sauce
Trial 4,23,128,21,52,356,509,Fish Sauce
Trial 4,22,128,21,52,355,510,Fish Sauce
Trial 4,23,128,20,52,354,506,Fish Sauce
Trial 4,23,128,21,53,355,508,Fish Sauce
Trial 4,23,128,19,51,355,507,Fish Sauce
Trial 4,24,128,21,52,355,506,Fish Sauce
Trial 4,23,128,21,53,356,510,Fish Sauce
Trial 4,23,130,20,52,356,508,Fish Sauce
Trial 4,25,129,20,53,356,508,Fish Sauce
Trial 4,23,129,21,53,357,508,Fish Sauce
Trial 4,23,128,20,52,355,508,Fish Sauce
Trial 4,24,129,20,51,355,507,Fish Sauce
Trial 4,23,129,20,53,356,509,Fish Sauce
Trial 4,23,129,21,53,356,508,Fish Sauce
Trial 4,24,130,21,52,359,511,Fish Sauce
Trial 4,24,129,20,52,356,508,Fish Sauce
Trial 4,24,130,20,52,357,509,Fish Sauce
Trial 4,23,130,21,53,357,510,Fish Sauce
Trial 4,24,129,21,55,357,510,Fish Sauce
Trial 4,24,129,21,51,357,510,Fish Sauce
Trial 4,23,130,20,52,357,508,Fish Sauce
Trial 4,25,130,20,52,358,512,Fish Sauce
Trial 4,23,130,20,51,358,510,Fish Sauce
Trial 4,24,130,21,52,356,508,Fish Sauce
Trial 4,24,130,20,51,357,510,Fish Sauce
Trial 4,23,131,21,52,357,511,Fish Sauce
Trial 4,24,132,19,52,358,512,Fish Sauce
Trial 4,24,130,21,52,357,510,Fish Sauce
Trial 4,24,131,20,52,357,510,Fish Sauce
Trial 4,24,132,21,53,360,515,Fish Sauce
Trial 4,23,132,21,52,359,510,Fish Sauce
Trial 4,24,131,21,53,357,509,Fish Sauce
Trial 4,23,132,21,53,358,510,Fish Sauce
Trial 4,24,131,20,52,358,511,Fish Sauce
Trial 4,24,132,20,53,359,512,Fish Sauce
Trial 4,24,132,20,54,359,512,Fish Sauce
Trial 4,23,132,20,51,360,515,Fish Sauce
Trial 4,24,132,21,53,359,513,Fish Sauce
Trial 4,24,132,20,53,358,511,Fish Sauce
Trial 4,23,133,21,53,358,511,Fish Sauce
Trial 4,23,133,21,53,358,512,Fish Sauce
Trial 4,24,132,20,53,358,512,Fish Sauce
Trial 4,23,132,20,53,359,514,Fish Sauce
Trial 4,22,133,22,53,360,513,Fish Sauce
Trial 4,24,133,21,53,359,511,Fish Sauce
Trial 4,22,133,21,53,359,513,Fish Sauce
Trial 4,23,133,21,53,359,511,Fish Sauce
Trial 4,23,133,20,53,359,514,Fish Sauce
Trial 4,23,133,21,53,359,512,Fish Sauce
Trial 4,24,133,21,53,359,512,Fish Sauce
Trial 4,24,133,21,53,361,515,Fish Sauce
Trial 4,24,134,21,54,363,514,Fish Sauce
Trial 4,23,133,21,54,361,516,Fish Sauce
Trial 4,24,134,20,53,360,513,Fish Sauce
Trial 4,23,134,21,53,360,513,Fish Sauce
Trial 4,24,133,20,53,360,514,Fish Sauce
Trial 4,24,134,21,53,360,512,Fish Sauce
Trial 4,24,135,21,53,361,514,Fish Sauce
Trial 4,24,134,20,53,363,518,Fish Sauce
Trial 4,24,135,21,53,361,512,Fish Sauce
Trial 4,24,133,21,53,361,515,Fish Sauce
Trial 4,23,134,21,54,361,514,Fish Sauce
Trial 4,23,135,21,54,361,514,Fish Sauce
Trial 4,23,135,21,53,360,513,Fish Sauce
Trial 4,23,134,21,54,362,516,Fish Sauce
Trial 4,24,136,22,54,364,518,Fish Sauce
Trial 4,25,135,21,54,364,518,Fish Sauce
Trial 4,24,135,21,53,361,512,Fish Sauce
Trial 4,24,135,21,54,362,517,Fish Sauce
Trial 4,23,135,20,54,364,517,Fish Sauce
Trial 4,22,136,21,54,363,518,Fish Sauce
Trial 4,23,136,21,53,363,516,Fish Sauce
Trial 4,24,135,20,53,362,515,Fish Sauce
Trial 4,24,137,21,53,362,516,Fish Sauce
Trial 4,25,136,21,54,363,516,Fish Sauce
Trial 4,24,137,21,54,365,519,Fish Sauce
Trial 4,24,136,21,54,363,517,Fish Sauce
Trial 4,24,137,21,53,362,516,Fish Sauce
Trial 4,23,136,21,54,363,519,Fish Sauce
Trial 4,24,137,21,54,364,518,Fish Sauce
Trial 4,24,138,21,54,364,517,Fish Sauce
Trial 4,22,136,21,55,365,520,Fish Sauce
Trial 4,23,138,20,54,364,518,Fish Sauce
Trial 4,24,136,20,54,363,517,Fish Sauce
Trial 4,23,136,21,55,363,517,Fish Sauce
Trial 4,25,137,20,55,363,517,Fish Sauce
Trial 4,22,137,19,54,365,520,Fish Sauce
Trial 4,25,137,22,54,365,518,Fish Sauce
Trial 4,23,137,21,54,364,520,Fish Sauce
Trial 4,24,137,20,54,366,521,Fish Sauce
Trial 4,24,137,22,54,364,517,Fish Sauce
Trial 4,24,138,21,54,363,517,Fish Sauce
Trial 4,24,137,21,53,365,518,Fish Sauce
Trial 4,24,138,21,54,363,519,Fish Sauce
Trial 4,25,138,20,54,365,519,Fish Sauce
Trial 4,24,138,21,54,363,519,Fish Sauce
Trial 4,24,138,21,55,364,518,Fish Sauce
Trial 4,23,138,21,54,365,519,Fish Sauce
Trial 4,24,138,21,54,364,517,Fish Sauce
Trial 4,23,138,21,54,365,519,Fish Sauce
Trial 4,23,138,21,55,366,519,Fish Sauce
Trial 4,24,138,22,55,367,521,Fish Sauce
Trial 4,25,139,20,55,367,520,Fish Sauce
Trial 4,23,138,20,54,365,519,Fish Sauce
Trial 4,24,139,21,55,365,518,Fish Sauce
Trial 4,23,139,21,55,365,519,Fish Sauce
Trial 4,24,138,20,54,366,520,Fish Sauce
Trial 4,23,138,22,54,367,520,Fish Sauce
Trial 4,23,139,20,56,367,520,Fish Sauce
Trial 4,23,140,21,55,366,518,Fish Sauce
Trial 4,24,140,21,55,366,520,Fish Sauce
Trial 4,23,140,20,54,365,519,Fish Sauce
Trial 4,24,139,20,54,366,520,Fish Sauce
Trial 4,23,140,21,55,366,520,Fish Sauce
Trial 4,23,139,20,55,366,522,Fish Sauce
Trial 4,22,140,21,57,368,520,Fish Sauce
Trial 4,24,140,21,54,368,522,Fish Sauce
Trial 4,23,140,21,55,367,523,Fish Sauce
Trial 4,24,140,21,55,366,519,Fish Sauce
Trial 4,24,140,21,54,366,518,Fish Sauce
Trial 4,24,140,21,55,366,519,Fish Sauce
Trial 4,24,140,22,55,368,519,Fish Sauce
Trial 4,23,139,23,55,367,522,Fish Sauce
Trial 4,24,141,21,55,367,520,Fish Sauce
Trial 4,24,141,21,55,368,520,Fish Sauce
Trial 4,23,141,22,54,367,523,Fish Sauce
Trial 4,24,141,21,55,367,521,Fish Sauce
Trial 4,24,141,20,54,367,521,Fish Sauce
Trial 4,23,140,21,55,368,522,Fish Sauce
Trial 4,23,141,21,55,369,524,Fish Sauce
Trial 4,24,141,21,56,370,522,Fish Sauce
Trial 4,24,141,21,55,368,521,Fish Sauce
Trial 4,24,140,21,55,367,521,Fish Sauce
Trial 4,24,141,21,55,367,522,Fish Sauce
Trial 4,23,141,21,54,367,521,Fish Sauce
Trial 4,23,142,21,55,368,522,Fish Sauce
Trial 4,24,141,21,56,368,522,Fish Sauce
Trial 4,25,143,21,55,369,525,Fish Sauce
Trial 4,24,142,21,55,368,523,Fish Sauce
Trial 4,24,142,21,55,368,523,Fish Sauce
Trial 4,24,142,21,55,368,521,Fish Sauce
Trial 4,24,142,21,55,368,522,Fish Sauce
Trial 4,24,142,21,55,368,522,Fish Sauce
Trial 4,23,142,21,56,368,523,Fish Sauce
Trial 4,23,142,20,55,369,523,Fish Sauce
Trial 4,25,143,20,55,370,524,Fish Sauce
Trial 4,24,142,21,56,369,523,Fish Sauce
Trial 4,23,143,21,55,368,523,Fish Sauce
Trial 4,24,142,21,56,369,523,Fish Sauce
Trial 4,24,143,21,55,369,523,Fish Sauce
Trial 4,24,143,21,55,369,526,Fish Sauce
Trial 4,24,144,22,56,370,525,Fish Sauce
Trial 4,24,144,22,55,370,526,Fish Sauce
Trial 4,24,143,21,56,368,524,Fish Sauce
Trial 4,24,142,21,56,369,523,Fish Sauce
Trial 4,24,143,22,56,369,523,Fish Sauce
Trial 4,24,143,21,55,368,523,Fish Sauce
Trial 4,24,142,20,55,370,524,Fish Sauce
Trial 4,24,143,20,53,371,527,Fish Sauce
Trial 4,24,144,21,55,372,526,Fish Sauce
Trial 4,23,144,22,56,369,525,Fish Sauce
Trial 4,23,144,21,56,370,525,Fish Sauce
Trial 4,24,144,21,56,370,524,Fish Sauce
Trial 4,24,144,21,55,369,523,Fish Sauce
Trial 4,23,144,21,56,370,525,Fish Sauce
Trial 4,24,143,21,56,369,525,Fish Sauce
Trial 4,23,144,21,56,371,527,Fish Sauce
Trial 4,23,145,22,56,372,526,Fish Sauce
Trial 4,24,144,21,56,373,527,Fish Sauce
Trial 4,24,144,21,57,371,525,Fish Sauce
Trial 4,24,144,21,56,370,524,Fish Sauce
Trial 4,23,145,21,55,370,525,Fish Sauce
Trial 4,24,144,19,56,370,525,Fish Sauce
Trial 4,24,146,22,56,369,524,Fish Sauce
Trial 4,24,145,20,56,372,528,Fish Sauce
Trial 4,24,145,21,56,371,526,Fish Sauce
Trial 4,24,145,22,56,369,524,Fish Sauce
Trial 4,24,145,21,56,371,525,Fish Sauce
Trial 4,24,145,21,56,371,525,Fish Sauce
Trial 4,24,145,21,56,372,526,Fish Sauce
Trial 4,24,146,21,56,373,530,Fish Sauce
Trial 4,24,145,21,54,372,528,Fish Sauce
Trial 4,23,145,22,56,371,527,Fish Sauce
Trial 4,24,145,21,55,371,525,Fish Sauce
Trial 4,24,145,20,57,372,526,Fish Sauce
Trial 4,24,145,21,56,371,525,Fish Sauce
Trial 4,24,144,20,56,372,529,Fish Sauce
Trial 4,23,145,20,57,374,529,Fish Sauce
Trial 4,23,148,22,58,373,529,Fish Sauce
Trial 4,23,145,22,56,372,526,Fish Sauce
Trial 4,24,145,21,56,372,527,Fish Sauce
Trial 4,24,145,21,56,371,526,Fish Sauce
Trial 4,24,146,22,56,372,525,Fish Sauce
Trial 4,24,145,21,56,372,527,Fish Sauce
Trial 4,22,148,20,56,374,530,Fish Sauce
Trial 4,24,148,21,57,373,528,Fish Sauce
Trial 4,23,145,21,57,372,527,Fish Sauce
Trial 4,23,145,21,56,372,527,Fish Sauce
Trial 4,24,146,21,56,371,526,Fish Sauce
Trial 4,23,144,22,56,373,528,Fish Sauce
Trial 4,24,146,20,56,372,528,Fish Sauce
Trial 4,24,146,20,56,374,528,Fish Sauce
Trial 4,23,146,20,56,374,532,Fish Sauce
Trial 4,24,146,20,56,374,528,Fish Sauce
Trial 4,23,146,21,56,373,528,Fish Sauce
Trial 4,24,146,21,57,372,527,Fish Sauce
Trial 4,24,147,21,56,373,528,Fish Sauce
Trial 4,23,146,21,56,373,529,Fish Sauce
Trial 4,23,146,22,58,373,529,Fish Sauce
Trial 4,24,147,21,56,375,531,Fish Sauce
Trial 4,24,147,21,56,373,528,Fish Sauce
Trial 4,24,147,21,57,375,531,Fish Sauce
Trial 4,24,146,20,56,373,528,Fish Sauce
Trial 4,23,148,22,57,374,530,Fish Sauce
Trial 4,24,147,20,58,375,529,Fish Sauce
Trial 4,24,148,20,57,375,527,Fish Sauce
Trial 4,24,147,21,57,373,528,Fish Sauce
Trial 4,20,148,21,57,375,530,Fish Sauce
Trial 4,24,147,20,57,373,530,Fish Sauce
Trial 4,24,149,21,58,374,529,Fish Sauce
Trial 4,24,148,21,58,375,530,Fish Sauce
Trial 4,23,147,22,56,374,529,Fish Sauce
Trial 4,24,148,22,56,374,529,Fish Sauce
Trial 4,25,148,21,57,376,530,Fish Sauce
Trial 4,24,149,22,57,375,530,Fish Sauce
Trial 4,23,147,21,57,375,532,Fish Sauce
Trial 4,23,149,22,56,376,533,Fish Sauce
Trial 4,23,149,21,57,376,532,Fish Sauce
Trial 4,24,148,21,57,374,529,Fish Sauce
Trial 4,24,148,21,57,374,529,Fish Sauce
Trial 4,24,149,22,57,376,530,Fish Sauce
Trial 4,24,149,21,56,377,531,Fish Sauce
Trial 4,24,148,21,57,376,531,Fish Sauce
Trial 4,22,148,22,57,376,532,Fish Sauce
Trial 4,24,149,21,57,376,530,Fish Sauce
Trial 4,24,148,21,57,374,531,Fish Sauce
Trial 4,24,149,22,57,375,530,Fish Sauce
Trial 4,25,148,20,56,377,534,Fish Sauce
Trial 4,24,148,21,57,377,534,Fish Sauce
Trial 4,24,149,21,56,379,533,Fish Sauce
Trial 4,24,150,20,56,376,532,Fish Sauce
Trial 4,24,149,21,57,374,529,Fish Sauce
Trial 4,24,149,21,57,374,530,Fish Sauce
Trial 4,24,149,21,57,375,531,Fish Sauce
Trial 4,24,149,21,57,375,530,Fish Sauce
Trial 4,23,149,20,58,377,532,Fish Sauce
Trial 4,24,150,23,58,376,534,Fish Sauce
Trial 4,23,149,21,58,375,531,Fish Sauce
Trial 4,23,149,21,57,376,531,Fish Sauce
Trial 4,23,149,21,57,376,531,Fish Sauce
Trial 4,23,150,21,57,376,532,Fish Sauce
Trial 4,24,149,21,57,376,531,Fish Sauce
Trial 4,24,151,21,57,377,532,Fish Sauce
Trial 4,24,150,21,58,377,533,Fish Sauce
Trial 4,23,148,22,57,376,533,Fish Sauce
Trial 4,24,149,20,57,376,532,Fish Sauce
Trial 4,25,149,21,58,376,532,Fish Sauce
Trial 4,23,150,21,57,376,531,Fish Sauce
Trial 4,22,151,21,57,378,538,Fish Sauce
Trial 4,23,150,22,57,379,538,Fish Sauce
Trial 4,24,151,21,59,379,533,Fish Sauce
Trial 4,24,150,21,57,377,532,Fish Sauce
Trial 4,23,152,21,58,379,536,Fish Sauce
Trial 4,24,149,21,58,377,532,Fish Sauce
Trial 4,24,151,21,56,379,534,Fish Sauce
Trial 4,23,151,22,57,377,533,Fish Sauce
Trial 4,23,150,21,59,381,536,Fish Sauce
Trial 4,24,152,20,58,377,534,Fish Sauce
Trial 4,24,151,21,57,377,534,Fish Sauce
Trial 4,25,150,22,58,377,533,Fish Sauce
Trial 4,24,151,21,57,376,532,Fish Sauce
Trial 4,23,150,21,58,378,534,Fish Sauce
Trial 4,24,151,21,58,377,532,Fish Sauce
Trial 4,23,150,21,58,380,537,Fish Sauce
Trial 4,24,152,22,58,378,534,Fish Sauce
Trial 4,24,151,21,57,378,534,Fish Sauce
Trial 4,24,151,21,57,378,533,Fish Sauce
Trial 4,24,151,22,57,377,533,Fish Sauce
Trial 4,23,151,21,58,377,533,Fish Sauce
Trial 4,23,151,22,57,377,532,Fish Sauce
Trial 4,24,152,23,58,378,535,Fish Sauce
Trial 4,24,152,22,58,378,533,Fish Sauce
Trial 4,24,152,21,57,377,533,Fish Sauce
Trial 4,24,151,22,58,378,536,Fish Sauce
Trial 4,23,152,21,58,378,535,Fish Sauce
Trial 4,23,152,21,58,377,532,Fish Sauce
Trial 4,24,151,21,58,378,534,Fish Sauce
Trial 4,24,151,20,58,379,535,Fish Sauce
Trial 4,24,152,22,58,379,534,Fish Sauce
Trial 4,24,152,22,58,379,537,Fish Sauce
Trial 4,24,153,22,58,378,533,Fish Sauce
Trial 4,24,151,21,58,379,534,Fish Sauce
Trial 4,23,152,21,58,379,534,Fish Sauce
Trial 4,24,152,22,58,380,533,Fish Sauce
Trial 4,24,153,22,58,379,537,Fish Sauce
Trial 4,23,152,21,58,380,536,Fish Sauce
Trial 4,24,155,21,59,380,536,Fish Sauce
Trial 4,24,152,22,59,379,535,Fish Sauce
Trial 4,24,152,21,58,379,535,Fish Sauce
Trial 4,24,152,22,58,379,533,Fish Sauce
Trial 4,24,152,22,57,379,535,Fish Sauce
Trial 4,23,152,22,58,379,535,Fish Sauce
Trial 4,23,152,21,59,381,538,Fish Sauce
Trial 4,23,154,22,57,380,535,Fish Sauce
Trial 4,23,153,21,58,381,536,Fish Sauce
Trial 4,24,153,21,58,378,534,Fish Sauce
Trial 4,23,153,21,58,379,536,Fish Sauce
Trial 4,23,153,22,58,380,536,Fish Sauce
Trial 4,23,153,22,58,381,536,Fish Sauce
Trial 4,23,153,21,57,382,539,Fish Sauce
Trial 4,24,153,20,58,383,537,Fish Sauce
Trial 4,24,153,21,58,381,536,Fish Sauce
Trial 4,24,153,21,58,379,533,Fish Sauce
Trial 4,25,153,21,58,380,536,Fish Sauce
Trial 4,24,153,21,58,379,534,Fish Sauce
Trial 4,23,153,21,58,380,536,Fish Sauce
Trial 4,24,154,23,58,381,538,Fish Sauce
Trial 4,24,154,21,59,382,538,Fish Sauce
Trial 4,24,153,21,58,381,538,Fish Sauce
Trial 4,23,152,22,58,380,537,Fish Sauce
Trial 4,24,154,21,59,380,536,Fish Sauce
Trial 4,23,153,21,59,380,537,Fish Sauce
Trial 4,24,154,22,58,381,537,Fish Sauce
Trial 4,23,153,22,59,382,537,Fish Sauce
Trial 4,24,154,20,59,382,537,Fish Sauce
Trial 4,24,154,21,58,381,537,Fish Sauce
Trial 4,24,154,21,58,380,537,Fish Sauce
Trial 4,24,154,22,58,380,535,Fish Sauce
Trial 4,25,155,21,58,381,536,Fish Sauce
Trial 4,24,154,21,58,380,535,Fish Sauce
Trial 4,24,154,22,58,380,537,Fish Sauce
Trial 4,23,154,21,58,382,538,Fish Sauce
Trial 4,24,154,22,58,381,537,Fish Sauce
Trial 4,23,155,21,58,381,537,Fish Sauce
Trial 4,24,154,21,59,381,536,Fish Sauce
Trial 4,23,154,22,58,380,536,Fish Sauce
Trial 4,23,154,22,59,381,538,Fish Sauce
Trial 4,24,154,22,59,382,538,Fish Sauce
Trial 4,24,155,21,60,383,540,Fish Sauce
Trial 4,24,156,22,59,382,538,Fish Sauce
Trial 4,23,154,21,59,382,539,Fish Sauce
Trial 4,24,155,21,58,381,538,Fish Sauce
Trial 4,24,154,21,58,381,537,Fish Sauce
Trial 4,24,154,21,58,382,537,Fish Sauce
Trial 4,24,154,21,59,382,538,Fish Sauce
Trial 4,25,155,22,59,383,540,Fish Sauce
Trial 4,24,155,21,59,385,542,Fish Sauce
Trial 4,24,154,21,59,383,539,Fish Sauce
Trial 4,24,155,22,59,382,538,Fish Sauce
Trial 4,24,156,23,60,384,541,Fish Sauce
Trial 4,24,154,21,59,382,538,Fish Sauce
Trial 4,24,155,21,59,382,539,Fish Sauce
Trial 4,24,156,22,59,382,538,Fish Sauce
Trial 4,23,155,21,59,383,539,Fish Sauce
Trial 4,24,155,22,59,383,541,Fish Sauce
Trial 4,23,154,22,59,382,538,Fish Sauce
Trial 4,24,155,21,59,382,539,Fish Sauce
Trial 4,24,155,22,58,382,537,Fish Sauce
Trial 4,23,155,21,59,383,540,Fish Sauce
Trial 4,24,155,21,59,384,540,Fish Sauce
Trial 4,24,156,20,59,384,542,Fish Sauce
Trial 4,24,156,20,59,384,540,Fish Sauce
Trial 4,24,155,21,59,382,539,Fish Sauce
Trial 4,24,155,22,59,382,538,Fish Sauce
